org	repo	visibility	default_branch	updated_at
Blackbox-Enterprises	.github	public	main	2026-03-25T20:26:33Z
Blackbox-Enterprises	blackbox-n8n	private	main	2026-03-25T20:27:17Z
Blackbox-Enterprises	blackbox-airbyte	private	main	2026-03-25T20:27:11Z
Blackbox-Enterprises	blackbox-prefect	private	main	2026-03-25T20:26:43Z
Blackbox-Enterprises	blackbox-temporal	private	main	2026-03-25T20:27:07Z
Blackbox-Enterprises	blackbox-activepieces	private	main	2026-03-25T20:27:02Z
Blackbox-Enterprises	blackbox-huginn	private	main	2026-03-25T20:26:59Z
Blackbox-Enterprises	blackbox-enterprises.github.io	public	main	2026-03-25T20:26:48Z
Blackbox-Enterprises	source	public	main	2026-03-25T20:27:22Z
Blackbox-Enterprises	operator	public	main	2026-03-25T20:27:19Z
Blackbox-Enterprises	RoadCode	public	main	2026-03-25T20:26:28Z
Blackbox-Enterprises	source-code	private	main	2026-03-25T20:26:54Z
Blackbox-Enterprises	README	private	main	2026-03-25T20:26:52Z
Blackbox-Enterprises	blackboxprogramming.io	public	main	2026-03-25T20:26:35Z
Blackbox-Enterprises	demo-repository	private	main	2026-03-25T20:26:40Z
BlackRoad-AI	BlackRoad.io	private	main	2026-03-26T00:59:22Z
BlackRoad-AI	lucidia-lab	public	main	2026-03-26T01:00:25Z
BlackRoad-AI	blackroad-plans	private	main	2026-03-26T00:59:17Z
BlackRoad-AI	urban-goggles	private	chore/org-baseline	2026-03-26T01:01:41Z
BlackRoad-AI	nextjs-ai-chatbot	public	main	2026-03-26T01:46:00Z
BlackRoad-AI	lucidia-core	public	main	2026-03-26T01:46:04Z
BlackRoad-AI	lucidia-math	public	main	2026-03-26T01:00:33Z
BlackRoad-AI	lucidia-earth	public	master	2026-03-26T01:00:20Z
BlackRoad-AI	lucidia-metaverse	public	master	2026-03-26T01:00:37Z
BlackRoad-AI	blackroad-os-lucidia-lab	public	main	2026-03-26T00:59:16Z
BlackRoad-AI	lucidia-studio	public	master	2026-03-26T01:00:48Z
BlackRoad-AI	lucidiaqi-com	public	master	2026-03-26T01:01:00Z
BlackRoad-AI	lucidia-blackroadio	public	master	2026-03-26T01:00:05Z
BlackRoad-AI	inference-blackroadio	public	master	2026-03-26T01:46:14Z
BlackRoad-AI	embeddings-blackroad-io	public	master	2026-03-26T00:59:40Z
BlackRoad-AI	lucidia-living-world	public	main	2026-03-26T01:00:27Z
BlackRoad-AI	lucidia-minnesota-game	public	main	2026-03-26T01:00:39Z
BlackRoad-AI	lucidia-wilderness	public	main	2026-03-26T01:00:51Z
BlackRoad-AI	blackroad-ai-qwen	public	master	2026-03-26T00:59:00Z
BlackRoad-AI	blackroad-ai-deepseek	public	main	2026-03-26T00:58:50Z
BlackRoad-AI	blackroad-ai-ollama	public	master	2026-03-26T00:58:58Z
BlackRoad-AI	blackroad-ai-api-gateway	public	master	2026-03-26T00:58:45Z
BlackRoad-AI	blackroad-ai-cluster	public	main	2026-03-26T00:58:48Z
BlackRoad-AI	blackroad-ai-memory-bridge	public	main	2026-03-26T00:58:54Z
BlackRoad-AI	lucidia-platform	public	main	2026-03-26T01:00:44Z
BlackRoad-AI	lucidia-ai-models	public	main	2026-03-26T00:59:59Z
BlackRoad-AI	lucidia-ai-models-enhanced	public	master	2026-03-26T01:00:02Z
BlackRoad-AI	lucidia-3d-wilderness	public	master	2026-03-26T00:59:55Z
BlackRoad-AI	lucidia-command-center	public	master	2026-03-26T01:00:16Z
BlackRoad-AI	blackroad-llm-fine-tuner	public	main	2026-03-26T00:59:11Z
BlackRoad-AI	blackroad-ai-model-optimizer	public	main	2026-03-26T00:58:56Z
BlackRoad-AI	blackroad-ai-inference-accelerator	public	main	2026-03-26T00:58:53Z
BlackRoad-AI	blackroad-llm-embeddings	public	main	2026-03-26T00:59:08Z
BlackRoad-AI	.github	public	main	2026-03-26T20:29:57Z
BlackRoad-AI	lucidia-agents	public	claude/claude-md-mkr74snvb1ha0sv7-dHAKu	2026-03-26T01:46:06Z
BlackRoad-AI	lucidia-chat	public	main	2026-03-26T01:46:08Z
BlackRoad-AI	lucidia-workspace	public	main	2026-03-26T01:00:54Z
BlackRoad-AI	blackroad-vllm-mvp	private	main	2026-03-26T00:59:20Z
BlackRoad-AI	vllm-deployment	public	main	2026-03-26T01:46:16Z
BlackRoad-AI	ollama-models	public	main	2026-03-26T01:45:56Z
BlackRoad-AI	hailo8-inference	public	main	2026-03-26T00:59:44Z
BlackRoad-AI	blackroad-inference-engine	public	main	2026-03-26T00:59:05Z
BlackRoad-AI	blackroad-ai.github.io	public	main	2026-03-26T00:59:03Z
BlackRoad-AI	lucidia	public	main	2026-03-26T01:46:02Z
BlackRoad-AI	lucidia-cli	public	main	2026-03-26T01:46:10Z
BlackRoad-AI	lucidia-earth-website	public	main	2026-03-26T01:00:23Z
BlackRoad-AI	source	public	main	2026-03-26T01:45:52Z
BlackRoad-AI	operator	public	main	2026-03-26T01:45:50Z
BlackRoad-AI	RoadCode	public	main	2026-03-26T01:45:54Z
BlackRoad-AI	source-code	private	main	2026-03-26T01:45:58Z
BlackRoad-AI	blackroad-os-lucidia	public	main	2026-03-26T00:59:13Z
BlackRoad-AI	embedding-atlas	public	main	2026-03-26T00:59:38Z
BlackRoad-AI	black-mode	public	main	2026-03-26T00:58:43Z
BlackRoad-AI	meridian	public	main	2026-03-26T01:46:12Z
BlackRoad-AI	agency-agents	private	main	2026-03-26T00:58:35Z
BlackRoad-AI	agent-memory	private	main	2026-03-26T00:58:37Z
BlackRoad-AI	agent-monitor	private	main	2026-03-26T00:58:39Z
BlackRoad-AI	hello-ai	private	main	2026-03-26T00:59:46Z
BlackRoad-AI	deploy-ai	private	main	2026-03-26T00:59:33Z
BlackRoad-AI	lucidia-sites	private	main	2026-03-26T01:00:46Z
BlackRoad-AI	README	private	main	2026-03-26T01:01:28Z
BlackRoad-AI	blackroadai.com	public	main	2026-03-26T00:59:24Z
BlackRoad-AI	lucidia.earth	public	main	2026-03-26T01:00:55Z
BlackRoad-AI	lucidia.studio	public	main	2026-03-26T01:00:57Z
BlackRoad-AI	lucidiaqi.com	public	main	2026-03-26T01:01:03Z
BlackRoad-AI	lucidia-cli.blackroad.io	public	main	2026-03-26T01:00:12Z
BlackRoad-AI	alexandria.blackroad.io	public	main	2026-03-26T00:58:41Z
BlackRoad-AI	cecilia.blackroad.io	public	main	2026-03-26T00:59:27Z
BlackRoad-AI	lucidia-node.blackroad.io	public	main	2026-03-26T01:00:41Z
BlackRoad-AI	rearview.blackroad.io	public	main	2026-03-26T01:01:30Z
BlackRoad-AI	translate.blackroad.io	public	main	2026-03-26T01:01:39Z
BlackRoad-AI	codellama.blackroad.io	public	main	2026-03-26T00:59:30Z
BlackRoad-AI	llama3.blackroad.io	public	main	2026-03-26T00:59:50Z
BlackRoad-AI	mistral.blackroad.io	public	main	2026-03-26T01:01:07Z
BlackRoad-AI	phi.blackroad.io	public	main	2026-03-26T01:01:26Z
BlackRoad-AI	modelfile.blackroad.io	public	main	2026-03-26T01:01:09Z
BlackRoad-AI	ollama-fleet.blackroad.io	public	main	2026-03-26T01:01:20Z
BlackRoad-AI	deepseek.blackroad.io	public	main	2026-03-26T00:59:32Z
BlackRoad-AI	dolphin.blackroad.io	public	main	2026-03-26T00:59:36Z
BlackRoad-AI	gemma.blackroad.io	public	main	2026-03-26T00:59:42Z
BlackRoad-AI	neural-chat.blackroad.io	public	main	2026-03-26T01:01:13Z
BlackRoad-AI	nomic-embed.blackroad.io	public	main	2026-03-26T01:01:18Z
BlackRoad-AI	models.blackroad.io	public	main	2026-03-26T01:01:11Z
BlackRoad-AI	vs-openai.blackroad.io	public	main	2026-03-26T01:01:46Z
BlackRoad-AI	road-math	public	main	2026-03-26T20:30:50Z
BlackRoad-OS	blackroad-prism-console	public	main	2026-03-26T01:33:46Z
BlackRoad-OS	blackroad-os-core	public	main	2026-03-26T01:29:31Z
BlackRoad-OS	blackroad-os-prism-console	public	main	2026-03-26T01:31:33Z
BlackRoad-OS	blackroad-os-operator	public	main	2026-03-26T01:31:09Z
BlackRoad-OS	blackroad-os-api	public	main	2026-03-26T01:28:49Z
BlackRoad-OS	blackroad-os-web	public	main	2026-03-26T01:32:36Z
BlackRoad-OS	blackroad-os-demo	public	main	2026-03-26T01:29:39Z
BlackRoad-OS	blackroad-os-home	public	main	2026-03-26T01:30:06Z
BlackRoad-OS	blackroad-os-ideas	public	main	2026-03-26T01:30:10Z
BlackRoad-OS	blackroad-os-research	public	main	2026-03-26T01:31:48Z
BlackRoad-OS	blackroad-os-infra	public	main	2026-03-26T01:30:13Z
BlackRoad-OS	blackroad-os-archive	public	main	2026-03-26T01:28:56Z
BlackRoad-OS	blackroad	public	main	2026-03-26T01:17:39Z
BlackRoad-OS	blackroad-os	public	main	2026-03-26T01:28:40Z
BlackRoad-OS	blackroad-os-api-gateway	public	main	2026-03-26T01:28:51Z
BlackRoad-OS	blackroad-os-beacon	public	main	2026-03-26T01:29:04Z
BlackRoad-OS	blackroad-os-pack-finance	public	main	2026-03-26T01:31:17Z
BlackRoad-OS	blackroad-os-pack-creator-studio	public	main	2026-03-26T01:31:11Z
BlackRoad-OS	blackroad-os-master	public	main	2026-03-26T01:30:46Z
BlackRoad-OS	blackroad-agent-os	public	main	2026-03-26T01:17:56Z
BlackRoad-OS	blackroad-hello	public	master	2026-03-26T01:24:37Z
BlackRoad-OS	blackroad-os-mesh	public	main	2026-03-26T01:30:52Z
BlackRoad-OS	blackroad-agents	public	main	2026-03-26T01:17:59Z
BlackRoad-OS	blackroad-pi-ops	public	main	2026-03-26T01:33:19Z
BlackRoad-OS	blackroad-tools	public	main	2026-03-26T01:38:18Z
BlackRoad-OS	blackroad-pi-holo	public	main	2026-03-26T01:33:17Z
BlackRoad-OS	lucidia-platform	public	main	2026-03-26T01:45:33Z
BlackRoad-OS	blackroad-models	public	main	2026-03-26T01:27:14Z
BlackRoad-OS	blackroad-io-app	public	master	2026-03-26T01:25:23Z
BlackRoad-OS	blackroad-docs	public	main	2026-03-26T01:22:16Z
BlackRoad-OS	blackroadinc-us	public	main	2026-03-26T01:40:30Z
BlackRoad-OS	app-blackroad-io	public	main	2026-03-26T01:16:55Z
BlackRoad-OS	blackroad-domains	public	main	2026-03-26T01:22:27Z
BlackRoad-OS	blackroad-os-codex	public	master	2026-03-26T01:29:18Z
BlackRoad-OS	claude-collaboration-system	public	master	2026-03-26T01:41:38Z
BlackRoad-OS	blackroad-multi-ai-system	public	master	2026-03-26T01:27:33Z
BlackRoad-OS	blackroad-os-prism-enterprise	public	main	2026-03-26T01:31:35Z
BlackRoad-OS	blackroad-monitoring	public	main	2026-03-26T01:27:20Z
BlackRoad-OS	blackroad-os-analytics	public	main	2026-03-26T01:28:51Z
BlackRoad-OS	blackroad-os-console	public	main	2026-03-26T01:29:24Z
BlackRoad-OS	blackroad-os-pack-engineering	public	main	2026-03-26T01:31:13Z
BlackRoad-OS	blackroad-os-dashboard	public	main	2026-03-26T01:29:35Z
BlackRoad-OS	blackroad-os-container	public	main	2026-03-26T01:29:28Z
BlackRoad-OS	blackroad-os-pitstop	public	main	2026-03-26T01:31:22Z
BlackRoad-OS	blackroad-os-priority-stack	public	main	2026-03-26T01:31:31Z
BlackRoad-OS	blackroad-os-simple-launch	public	main	2026-03-26T01:32:06Z
BlackRoad-OS	blackroad-os-disaster-recovery	public	main	2026-03-26T01:29:43Z
BlackRoad-OS	blackroad-os-pack-healthcare	public	main	2026-03-26T01:31:19Z
BlackRoad-OS	blackroad-os-pack-marketing	public	main	2026-03-26T01:31:21Z
BlackRoad-OS	blackroad-os-codex-infinity	public	main	2026-03-26T01:29:20Z
BlackRoad-OS	blackroad-os-lucidia	public	main	2026-03-26T01:30:44Z
BlackRoad-OS	blackroad-os-alexa-resume	public	main	2026-03-26T01:28:45Z
BlackRoad-OS	blackroad-ecosystem-dashboard	public	main	2026-03-26T01:22:42Z
BlackRoad-OS	alice	public	master	2026-03-26T01:16:17Z
BlackRoad-OS	blackroad-os-metrics	public	main	2026-03-26T01:30:55Z
BlackRoad-OS	blackroad-os-roadchain	public	master	2026-03-26T01:31:52Z
BlackRoad-OS	blackroad-os-vault	public	main	2026-03-26T01:32:26Z
BlackRoad-OS	blackroad-io	public	master	2026-03-26T01:25:22Z
BlackRoad-OS	blackroad-company	public	master	2026-03-26T01:20:57Z
BlackRoad-OS	blackroad-me	public	master	2026-03-26T01:26:32Z
BlackRoad-OS	blackroad-systems	public	master	2026-03-26T01:37:43Z
BlackRoad-OS	blackroadquantum-com	public	master	2026-03-26T01:40:33Z
BlackRoad-OS	blackroadqi-com	public	master	2026-03-26T01:40:32Z
BlackRoad-OS	blackroadai-com	public	master	2026-03-26T01:40:28Z
BlackRoad-OS	aliceqi-com	public	master	2026-03-26T01:16:22Z
BlackRoad-OS	blackroad-network	public	master	2026-03-26T01:27:52Z
BlackRoad-OS	blackboxprogramming-io	public	master	2026-03-26T01:17:34Z
BlackRoad-OS	ecosystem-monitoring-dashboard	public	master	2026-03-26T01:43:03Z
BlackRoad-OS	asia-blackroadio	public	master	2026-03-26T01:17:06Z
BlackRoad-OS	alice-blackroadio	public	master	2026-03-26T01:16:19Z
BlackRoad-OS	algorithms-blackroadio	public	master	2026-03-26T01:16:15Z
BlackRoad-OS	admin-blackroadio	public	master	2026-03-26T01:15:58Z
BlackRoad-OS	api-blackroadio	public	master	2026-03-26T01:16:46Z
BlackRoad-OS	about-blackroadio	public	master	2026-03-26T01:15:50Z
BlackRoad-OS	ai-blackroadio	public	master	2026-03-26T01:16:06Z
BlackRoad-OS	analytics-blackroadio	public	master	2026-03-26T01:16:29Z
BlackRoad-OS	cdn-blackroadio	public	master	2026-03-26T01:41:10Z
BlackRoad-OS	blog-blackroadio	public	master	2026-03-26T01:40:50Z
BlackRoad-OS	console-blackroadio	public	master	2026-03-26T01:42:11Z
BlackRoad-OS	compute-blackroadio	public	master	2026-03-26T01:42:05Z
BlackRoad-OS	control-blackroadio	public	master	2026-03-26T01:42:17Z
BlackRoad-OS	blocks-blackroadio	public	master	2026-03-26T01:40:46Z
BlackRoad-OS	circuits-blackroadio	public	master	2026-03-26T01:41:32Z
BlackRoad-OS	data-blackroadio	public	master	2026-03-26T01:42:36Z
BlackRoad-OS	dashboard-blackroadio	public	master	2026-03-26T01:42:32Z
BlackRoad-OS	edge-blackroadio	public	master	2026-03-26T01:43:08Z
BlackRoad-OS	dev-blackroadio	public	master	2026-03-26T01:42:40Z
BlackRoad-OS	engineering-blackroadio	public	master	2026-03-26T01:43:14Z
BlackRoad-OS	eu-blackroadio	public	master	2026-03-26T01:43:22Z
BlackRoad-OS	hardware-blackroadio	public	master	2026-03-26T01:44:30Z
BlackRoad-OS	help-blackroadio	public	master	2026-03-26T01:44:36Z
BlackRoad-OS	finance-blackroadio	public	master	2026-03-26T01:43:40Z
BlackRoad-OS	explorer-blackroadio	public	master	2026-03-26T01:43:31Z
BlackRoad-OS	ide-blackroadio	public	master	2026-03-26T01:44:48Z
BlackRoad-OS	features-blackroadio	public	master	2026-03-26T01:43:36Z
BlackRoad-OS	events-blackroadio	public	master	2026-03-26T01:43:30Z
BlackRoad-OS	hr-blackroadio	public	master	2026-03-26T01:44:44Z
BlackRoad-OS	global-blackroadio	public	master	2026-03-26T01:44:13Z
BlackRoad-OS	network-blackroadio	public	master	2026-03-26T01:46:16Z
BlackRoad-OS	monitoring-blackroadio	public	master	2026-03-26T01:46:10Z
BlackRoad-OS	logs-blackroadio	public	master	2026-03-26T01:45:29Z
BlackRoad-OS	marketing-blackroadio	public	master	2026-03-26T01:45:38Z
BlackRoad-OS	models-blackroadio	public	master	2026-03-26T01:46:07Z
BlackRoad-OS	metrics-blackroadio	public	master	2026-03-26T01:45:57Z
BlackRoad-OS	blackroad-monitoring-dashboard	public	main	2026-03-26T01:27:22Z
BlackRoad-OS	blackroad-blog	public	master	2026-03-26T01:19:43Z
BlackRoad-OS	status-blackroad-io	public	master	2026-03-26T01:53:44Z
BlackRoad-OS	pricing-blackroad-io	public	master	2026-03-26T01:47:20Z
BlackRoad-OS	store-blackroad-io	public	master	2026-03-26T01:53:51Z
BlackRoad-OS	dashboard-blackroad-io	public	master	2026-03-26T01:42:29Z
BlackRoad-OS	signup-blackroad-io	public	master	2026-03-26T01:53:08Z
BlackRoad-OS	analytics-blackroad-io	public	master	2026-03-26T01:16:27Z
BlackRoad-OS	admin-blackroad-io	public	master	2026-03-26T01:15:55Z
BlackRoad-OS	forkie-blackroad-io	public	master	2026-03-26T01:43:46Z
BlackRoad-OS	api-blackroad-io	public	master	2026-03-26T01:16:44Z
BlackRoad-OS	developers-blackroad-io	public	master	2026-03-26T01:42:42Z
BlackRoad-OS	blackroad-placeholder-system	public	master	2026-03-26T01:33:24Z
BlackRoad-OS	auth-blackroad-io	public	master	2026-03-26T01:17:12Z
BlackRoad-OS	billing-blackroad-io	public	master	2026-03-26T01:17:27Z
BlackRoad-OS	blog-blackroad-io	public	master	2026-03-26T01:40:49Z
BlackRoad-OS	careers-blackroad-io	public	master	2026-03-26T01:41:08Z
BlackRoad-OS	circuits-blackroad-io	public	master	2026-03-26T01:41:30Z
BlackRoad-OS	contact-blackroad-io	public	master	2026-03-26T01:42:12Z
BlackRoad-OS	customers-blackroad-io	public	master	2026-03-26T01:42:25Z
BlackRoad-OS	enterprise-blackroad-io	public	master	2026-03-26T01:43:18Z
BlackRoad-OS	models-blackroad-io	public	master	2026-03-26T01:46:05Z
BlackRoad-OS	partners-blackroad-io	public	master	2026-03-26T01:46:40Z
BlackRoad-OS	press-blackroad-io	public	master	2026-03-26T01:47:18Z
BlackRoad-OS	quantum-blackroad-io	public	master	2026-03-26T01:47:36Z
BlackRoad-OS	solutions-blackroad-io	public	master	2026-03-26T01:53:30Z
BlackRoad-OS	support-blackroad-io	public	master	2026-03-26T01:53:57Z
BlackRoad-OS	training-blackroad-io	public	master	2026-03-26T01:54:17Z
BlackRoad-OS	trial-blackroad-io	public	master	2026-03-26T01:54:21Z
BlackRoad-OS	vision-blackroad-io	public	master	2026-03-26T01:54:36Z
BlackRoad-OS	workshops-blackroad-io	public	master	2026-03-26T01:54:51Z
BlackRoad-OS	blackroad-os-carpool	public	master	2026-03-26T01:29:12Z
BlackRoad-OS	blackroad-os-secrets	public	master	2026-03-26T01:32:03Z
BlackRoad-OS	blackroad-framework	public	master	2026-03-26T01:23:46Z
BlackRoad-OS	blackroad-collab-dashboard	public	master	2026-03-26T01:20:54Z
BlackRoad-OS	adaptive-edge-ai-optimizer	public	master	2026-03-26T01:15:53Z
BlackRoad-OS	blackroad-ceo-hub	public	main	2026-03-26T01:20:17Z
BlackRoad-OS	blackroad-os-iot-devices	public	main	2026-03-26T01:30:20Z
BlackRoad-OS	blackroad-os-sales-playbook	public	main	2026-03-26T01:32:01Z
BlackRoad-OS	blackroad-os-quantum	public	main	2026-03-26T01:31:42Z
BlackRoad-OS	blackroad-os-interface	public	master	2026-03-26T01:30:18Z
BlackRoad-OS	blackroad-animation	public	main	2026-03-26T01:18:23Z
BlackRoad-OS	blackroad-architecture	public	main	2026-03-26T01:19:00Z
BlackRoad-OS	blackroad-earth-real	public	main	2026-03-26T01:22:36Z
BlackRoad-OS	blackroad-api	public	main	2026-03-26T01:18:29Z
BlackRoad-OS	blackroad-dashboard	public	main	2026-03-26T01:21:30Z
BlackRoad-OS	earth-blackroad-io	public	main	2026-03-26T01:42:58Z
BlackRoad-OS	blackroad-earth-street	public	main	2026-03-26T01:22:38Z
BlackRoad-OS	blackroad-earth	public	main	2026-03-26T01:22:33Z
BlackRoad-OS	blackroad-homescreen	public	main	2026-03-26T01:24:43Z
BlackRoad-OS	blackroad-living-earth	public	main	2026-03-26T01:26:05Z
BlackRoad-OS	blackroad-living-planet	public	main	2026-03-26T01:26:07Z
BlackRoad-OS	blackroad-motion-gallery	public	main	2026-03-26T01:27:28Z
BlackRoad-OS	blackroad-motion	public	main	2026-03-26T01:27:26Z
BlackRoad-OS	blackroad-os-ultimate	public	main	2026-03-26T01:32:22Z
BlackRoad-OS	blackroad-pager-home	public	main	2026-03-26T01:32:51Z
BlackRoad-OS	blackroad-pager-monitor	public	main	2026-03-26T01:32:54Z
BlackRoad-OS	blackroad-pager	public	main	2026-03-26T01:32:50Z
BlackRoad-OS	blackroad-error-page	public	main	2026-03-26T01:23:03Z
BlackRoad-OS	blackroad-ultimate-suite	public	main	2026-03-26T01:38:35Z
BlackRoad-OS	earth-replica	public	main	2026-03-26T01:43:00Z
BlackRoad-OS	console-blackroad-io	public	main	2026-03-26T01:42:08Z
BlackRoad-OS	blackroad-os-products	public	main	2026-03-26T01:31:37Z
BlackRoad-OS	loadroad-connectors	public	main	2026-03-26T01:45:27Z
BlackRoad-OS	roadcommand-ai-ops	public	main	2026-03-26T01:48:50Z
BlackRoad-OS	blackroad-os-window	public	main	2026-03-26T01:32:43Z
BlackRoad-OS	blackroad-products-marketplace	public	main	2026-03-26T01:34:04Z
BlackRoad-OS	blackroad-os-complete	public	master	2026-03-26T01:29:22Z
BlackRoad-OS	blackroad-operator	public	master	2026-03-26T20:21:28Z
BlackRoad-OS	roadcommand-enhanced	public	master	2026-03-26T01:48:52Z
BlackRoad-OS	blackroad-os-enhanced	public	main	2026-03-26T01:29:45Z
BlackRoad-OS	blackroad-roadrunner-cicd	public	main	2026-03-26T01:35:29Z
BlackRoad-OS	blackroad-roadcoin	public	main	2026-03-26T01:35:21Z
BlackRoad-OS	blackroad-backroad-social	public	main	2026-03-26T01:19:30Z
BlackRoad-OS	blackroad-product-launch-hub	public	main	2026-03-26T01:33:58Z
BlackRoad-OS	blackroad-genesis-road-engine	public	main	2026-03-26T01:23:58Z
BlackRoad-OS	blackroad-task-delegator	public	main	2026-03-26T01:37:45Z
BlackRoad-OS	blackroad-rapid-licensing	public	main	2026-03-26T01:34:44Z
BlackRoad-OS	blackroad-license-guardian	public	main	2026-03-26T01:26:14Z
BlackRoad-OS	blackroad-repo-monitor	public	main	2026-03-26T01:35:11Z
BlackRoad-OS	blackroad-status-page	public	master	2026-03-26T01:37:24Z
BlackRoad-OS	blackroad-products-gallery	public	master	2026-03-26T01:34:02Z
BlackRoad-OS	blackroad-api-gateway	public	master	2026-03-26T01:18:38Z
BlackRoad-OS	blackroad-react-components	public	master	2026-03-26T01:34:53Z
BlackRoad-OS	blackroad-ai-classifier	public	main	2026-03-26T01:18:03Z
BlackRoad-OS	blackroad-auth-manager	public	main	2026-03-26T01:19:25Z
BlackRoad-OS	blackroad-branch-manager	public	main	2026-03-26T01:19:45Z
BlackRoad-OS	blackroad-api-tester	public	main	2026-03-26T01:18:45Z
BlackRoad-OS	blackroad-analytics-engine	public	main	2026-03-26T01:18:17Z
BlackRoad-OS	blackroad-analytics-pro	public	main	2026-03-26T01:18:18Z
BlackRoad-OS	blackroad-ad-manager	public	main	2026-03-26T01:17:49Z
BlackRoad-OS	blackroad-asset-manager	public	main	2026-03-26T01:19:07Z
BlackRoad-OS	backroad-social-platform	public	master	2026-03-26T01:17:25Z
BlackRoad-OS	blackroad-content-scheduler	public	main	2026-03-26T01:21:10Z
BlackRoad-OS	blackroad-cdn-manager	public	main	2026-03-26T01:20:12Z
BlackRoad-OS	blackroad-code-formatter	public	main	2026-03-26T01:20:45Z
BlackRoad-OS	blackroad-code-reviewer	public	main	2026-03-26T01:20:51Z
BlackRoad-OS	blackroad-code-coverage	public	main	2026-03-26T01:20:44Z
BlackRoad-OS	blackroad-conversion-tracker	public	main	2026-03-26T01:21:13Z
BlackRoad-OS	blackroad-collab-board	public	main	2026-03-26T01:20:51Z
BlackRoad-OS	blackroad-data-cleaner	public	main	2026-03-26T01:21:42Z
BlackRoad-OS	blackroad-crm-lite	public	main	2026-03-26T01:21:17Z
BlackRoad-OS	blackroad-customer-journey	public	main	2026-03-26T01:21:23Z
BlackRoad-OS	blackroad-data-viz	public	main	2026-03-26T01:21:56Z
BlackRoad-OS	blackroad-dependency-checker	public	main	2026-03-26T01:22:06Z
BlackRoad-OS	blackroad-dashboard-hub	public	main	2026-03-26T01:21:37Z
BlackRoad-OS	blackroad-data-pipeline	public	main	2026-03-26T01:21:50Z
BlackRoad-OS	blackroad-debug-assistant	public	main	2026-03-26T01:21:58Z
BlackRoad-OS	blackroad-data-validator	public	main	2026-03-26T01:21:54Z
BlackRoad-OS	blackroad-file-organizer	public	main	2026-03-26T01:23:27Z
BlackRoad-OS	blackroad-file-sync	public	main	2026-03-26T01:23:31Z
BlackRoad-OS	blackroad-etl-builder	public	main	2026-03-26T01:23:06Z
BlackRoad-OS	blackroad-expense-tracker	public	main	2026-03-26T01:23:15Z
BlackRoad-OS	blackroad-empire-dashboard	public	main	2026-03-26T01:22:56Z
BlackRoad-OS	blackroad-email-campaign	public	main	2026-03-26T01:22:49Z
BlackRoad-OS	blackroad-image-optimizer	public	main	2026-03-26T01:24:51Z
BlackRoad-OS	blackroad-log-analyzer	public	main	2026-03-26T01:26:24Z
BlackRoad-OS	blackroad-lead-tracker	public	main	2026-03-26T01:26:09Z
BlackRoad-OS	blackroad-load-balancer-pro	public	main	2026-03-26T01:26:12Z
BlackRoad-OS	blackroad-invoice-gen	public	main	2026-03-26T01:25:16Z
BlackRoad-OS	blackroad-knowledge-base	public	main	2026-03-26T01:25:42Z
BlackRoad-OS	blackroad-linter-pro	public	main	2026-03-26T01:26:00Z
BlackRoad-OS	blackroad-metrics-dash	public	main	2026-03-26T01:26:50Z
BlackRoad-OS	blackroad-nlp-engine	public	main	2026-03-26T01:28:04Z
BlackRoad-OS	blackroad-meeting-scheduler	public	main	2026-03-26T01:26:38Z
BlackRoad-OS	blackroad-note-keeper	public	main	2026-03-26T01:28:06Z
BlackRoad-OS	blackroad-multi-region-sync	public	main	2026-03-26T01:27:36Z
BlackRoad-OS	blackroad-perf-monitor	public	main	2026-03-26T01:33:07Z
BlackRoad-OS	blackroad-notification-hub	public	main	2026-03-26T01:28:08Z
BlackRoad-OS	blackroad-ml-pipeline	public	main	2026-03-26T01:27:01Z
BlackRoad-OS	blackroad-merge-wizard	public	main	2026-03-26T01:26:46Z
BlackRoad-OS	blackroad-product-marketplace	public	main	2026-03-26T01:34:00Z
BlackRoad-OS	blackroad-project-wiki	public	main	2026-03-26T01:34:11Z
BlackRoad-OS	blackroad-screen-recorder	public	main	2026-03-26T01:36:02Z
BlackRoad-OS	blackroad-schema-migrator	public	main	2026-03-26T01:35:58Z
BlackRoad-OS	blackroad-sales-funnel	public	main	2026-03-26T01:35:45Z
BlackRoad-OS	blackroad-pulse-check	public	main	2026-03-26T01:34:24Z
BlackRoad-OS	blackroad-report-generator	public	main	2026-03-26T01:35:12Z
BlackRoad-OS	blackroad-query-optimizer	public	main	2026-03-26T01:34:36Z
BlackRoad-OS	blackroad-scaling-engine	public	main	2026-03-26T01:35:50Z
BlackRoad-OS	blackroad-status-board	public	main	2026-03-26T01:37:22Z
BlackRoad-OS	blackroad-task-manager	public	main	2026-03-26T01:37:47Z
BlackRoad-OS	blackroad-secrets-vault	public	main	2026-03-26T01:36:17Z
BlackRoad-OS	blackroad-screen-share	public	main	2026-03-26T01:36:04Z
BlackRoad-OS	blackroad-syntax-highlighter	public	main	2026-03-26T01:37:37Z
BlackRoad-OS	blackroad-social-scheduler	public	main	2026-03-26T01:36:49Z
BlackRoad-OS	blackroad-team-calendar	public	main	2026-03-26T01:37:53Z
BlackRoad-OS	blackroad-ssl-automator	public	main	2026-03-26T01:37:13Z
BlackRoad-OS	blackroad-seo-optimizer	public	main	2026-03-26T01:36:19Z
BlackRoad-OS	roadauth	public	master	2026-03-26T01:48:21Z
BlackRoad-OS	blackroad-thumbnail-gen	public	main	2026-03-26T01:38:10Z
BlackRoad-OS	blackroad-team-chat	public	main	2026-03-26T01:37:56Z
BlackRoad-OS	blackroad-time-tracker	public	main	2026-03-26T01:38:14Z
BlackRoad-OS	blackroad-watermark-tool	public	main	2026-03-26T01:39:26Z
BlackRoad-OS	blackroad-vuln-scanner	public	main	2026-03-26T01:39:14Z
BlackRoad-OS	blackroad-workflow-engine	public	main	2026-03-26T01:45:30Z
BlackRoad-OS	blackroad-roadwork	public	main	2026-03-26T01:35:31Z
BlackRoad-OS	blackroad-pitstop	public	main	2026-03-26T01:33:22Z
BlackRoad-OS	blackroad-fastlane	public	main	2026-03-26T01:23:19Z
BlackRoad-OS	blackroad-backroad	public	main	2026-03-26T01:19:28Z
BlackRoad-OS	roadapi	public	master	2026-03-26T01:48:08Z
BlackRoad-OS	blackroad-product-	public	main	2026-03-26T01:33:53Z
BlackRoad-OS	roadbilling	public	master	2026-03-26T01:48:30Z
BlackRoad-OS	blackroad-knowledge-hub	public	main	2026-03-26T01:25:44Z
BlackRoad-OS	blackroad-roadie	public	main	2026-03-26T01:35:23Z
BlackRoad-OS	blackroad-roadrunner	public	main	2026-03-26T01:35:27Z
BlackRoad-OS	blackroad-garage	public	main	2026-03-26T01:23:54Z
BlackRoad-OS	blackroad-devops-suite	public	main	2026-03-26T01:22:13Z
BlackRoad-OS	blackroad-monitor	public	main	2026-03-26T01:27:19Z
BlackRoad-OS	blackroad-logs	public	main	2026-03-26T01:26:22Z
BlackRoad-OS	blackroad-edge	public	main	2026-03-26T01:22:44Z
BlackRoad-OS	blackroad-cdn	public	main	2026-03-26T01:20:09Z
BlackRoad-OS	blackroad-identity	public	main	2026-03-26T01:24:49Z
BlackRoad-OS	blackroad-apigateway	public	main	2026-03-26T01:18:50Z
BlackRoad-OS	blackroad-containers	public	main	2026-03-26T01:21:08Z
BlackRoad-OS	blackroad-builds	public	main	2026-03-26T01:19:51Z
BlackRoad-OS	blackroad-testing	public	main	2026-03-26T01:38:04Z
BlackRoad-OS	blackroad-releases	public	main	2026-03-26T01:35:04Z
BlackRoad-OS	blackroad-environments	public	main	2026-03-26T01:23:02Z
BlackRoad-OS	blackroad-artifacts	public	main	2026-03-26T01:19:04Z
BlackRoad-OS	blackroad-cadence	public	main	2026-03-26T01:20:04Z
BlackRoad-OS	blackroad-writing	public	main	2026-03-26T01:40:00Z
BlackRoad-OS	blackroad-photo	public	main	2026-03-26T01:33:15Z
BlackRoad-OS	blackroad-roadmind	public	main	2026-03-26T01:35:25Z
BlackRoad-OS	blackroad-radius	public	main	2026-03-26T01:34:42Z
BlackRoad-OS	blackroad-athena	public	main	2026-03-26T01:19:10Z
BlackRoad-OS	blackroad-aria	public	main	2026-03-26T01:19:01Z
BlackRoad-OS	blackroad-guardian	public	main	2026-03-26T01:24:26Z
BlackRoad-OS	roadanalytics	public	main	2026-03-26T01:48:06Z
BlackRoad-OS	roaddocs	public	main	2026-03-26T01:49:13Z
BlackRoad-OS	roadforms	public	main	2026-03-26T01:49:36Z
BlackRoad-OS	roadcdn	public	main	2026-03-26T01:48:34Z
BlackRoad-OS	blackroad-sports-league	public	main	2026-03-26T01:37:06Z
BlackRoad-OS	blackroad-gov-portal	public	main	2026-03-26T01:24:13Z
BlackRoad-OS	blackroad-fleet-tracker	public	main	2026-03-26T01:23:40Z
BlackRoad-OS	blackroad-smart-grid	public	main	2026-03-26T01:36:40Z
BlackRoad-OS	blackroad-quantum-simulator	public	main	2026-03-26T01:34:32Z
BlackRoad-OS	blackroad-robot-controller	public	main	2026-03-26T01:35:33Z
BlackRoad-OS	blackroad-satellite-tracker	public	main	2026-03-26T01:35:49Z
BlackRoad-OS	blackroad-donor-management	public	main	2026-03-26T01:22:29Z
BlackRoad-OS	blackroad-network-optimizer	public	main	2026-03-26T01:27:56Z
BlackRoad-OS	blackroad-vr-platform	public	main	2026-03-26T01:39:09Z
BlackRoad-OS	blackroad-cyber-defense	public	main	2026-03-26T01:21:28Z
BlackRoad-OS	blackroad-genome-analyzer	public	main	2026-03-26T01:24:00Z
BlackRoad-OS	blackroad-weather-forecaster	public	main	2026-03-26T01:39:29Z
BlackRoad-OS	blackroad-mobile-app-builder	public	main	2026-03-26T01:27:05Z
BlackRoad-OS	blackroad-nano-simulator	public	main	2026-03-26T01:27:50Z
BlackRoad-OS	blackroad-nuclear-monitoring	public	main	2026-03-26T01:28:14Z
BlackRoad-OS	blackroad-ocean-explorer	public	main	2026-03-26T01:28:31Z
BlackRoad-OS	blackroad-trading-bot	public	main	2026-03-26T01:38:22Z
BlackRoad-OS	roadmail	public	main	2026-03-26T01:50:12Z
BlackRoad-OS	roadchat	public	main	2026-03-26T01:48:38Z
BlackRoad-OS	roadpay	public	main	2026-03-26T01:50:48Z
BlackRoad-OS	roadsearch	public	main	2026-03-26T01:51:27Z
BlackRoad-OS	roadqueue	public	main	2026-03-26T01:51:08Z
BlackRoad-OS	roadcron	public	main	2026-03-26T01:49:03Z
BlackRoad-OS	blackroad-anti-cheat-system	public	main	2026-03-26T01:18:27Z
BlackRoad-OS	blackroad-assignment-manager	public	main	2026-03-26T01:19:08Z
BlackRoad-OS	blackroad-rental-payments	public	main	2026-03-26T01:35:06Z
BlackRoad-OS	blackroad-traffic-controller	public	main	2026-03-26T01:38:24Z
BlackRoad-OS	blackroad-permit-system	public	main	2026-03-26T01:33:11Z
BlackRoad-OS	blackroad-nano-material-designer	public	main	2026-03-26T01:27:41Z
BlackRoad-OS	blackroad-energy-monitor	public	main	2026-03-26T01:22:59Z
BlackRoad-OS	blackroad-delivery-manager	public	main	2026-03-26T01:22:04Z
BlackRoad-OS	blackroad-fitness-planner	public	main	2026-03-26T01:23:35Z
BlackRoad-OS	blackroad-quality-control	public	main	2026-03-26T01:34:27Z
BlackRoad-OS	blackroad-grade-tracker	public	main	2026-03-26T01:24:15Z
BlackRoad-OS	blackroad-cart-system	public	main	2026-03-26T01:20:08Z
BlackRoad-OS	blackroad-medical-billing	public	main	2026-03-26T01:26:34Z
BlackRoad-OS	blackroad-mixed-reality	public	main	2026-03-26T01:26:59Z
BlackRoad-OS	blackroad-inventory-optimizer	public	main	2026-03-26T01:25:14Z
BlackRoad-OS	blackroad-emergency-services	public	main	2026-03-26T01:22:54Z
BlackRoad-OS	blackroad-cell-tower-manager	public	main	2026-03-26T01:20:13Z
BlackRoad-OS	blackroad-drone-fleet-manager	public	main	2026-03-26T01:22:31Z
BlackRoad-OS	blackroad-prescription-tracker	public	main	2026-03-26T01:33:38Z
BlackRoad-OS	blackroad-tactical-planner	public	main	2026-03-26T01:37:43Z
BlackRoad-OS	blackroad-maintenance-predictor	public	main	2026-03-26T01:26:24Z
BlackRoad-OS	blackroad-audit-system	public	main	2026-03-26T01:19:19Z
BlackRoad-OS	blackroad-voting-system	public	main	2026-03-26T01:39:05Z
BlackRoad-OS	blackroad-patient-portal	public	main	2026-03-26T01:32:58Z
BlackRoad-OS	blackroad-content-studio	public	main	2026-03-26T01:21:12Z
BlackRoad-OS	blackroad-gas-optimizer	public	main	2026-03-26T01:23:56Z
BlackRoad-OS	blackroad-achievement-tracker	public	main	2026-03-26T01:17:49Z
BlackRoad-OS	blackroad-leaderboard-system	public	main	2026-03-26T01:25:52Z
BlackRoad-OS	blackroad-carbon-tracker	public	main	2026-03-26T01:20:05Z
BlackRoad-OS	blackroad-mod-manager	public	main	2026-03-26T01:27:09Z
BlackRoad-OS	blackroad-graphql-server	public	main	2026-03-26T01:24:24Z
BlackRoad-OS	blackroad-banking-platform	public	main	2026-03-26T01:19:32Z
BlackRoad-OS	blackroad-robot-simulator	public	main	2026-03-26T01:35:36Z
BlackRoad-OS	blackroad-document-automation	public	main	2026-03-26T01:22:22Z
BlackRoad-OS	blackroad-spatial-computing	public	main	2026-03-26T01:37:02Z
BlackRoad-OS	blackroad-battery-manager	public	main	2026-03-26T01:19:35Z
BlackRoad-OS	blackroad-atmospheric-analyzer	public	main	2026-03-26T01:19:14Z
BlackRoad-OS	blackroad-facilities-management	public	main	2026-03-26T01:23:18Z
BlackRoad-OS	blackroad-power-analytics	public	main	2026-03-26T01:33:36Z
BlackRoad-OS	blackroad-hardware-monitoring	public	main	2026-03-26T01:24:32Z
BlackRoad-OS	blackroad-iot-device-manager	public	main	2026-03-26T01:25:26Z
BlackRoad-OS	blackroad-motion-planner	public	main	2026-03-26T01:27:30Z
BlackRoad-OS	blackroad-census-tracker	public	main	2026-03-26T01:20:16Z
BlackRoad-OS	blackroad-warehouse-robot	public	main	2026-03-26T01:39:20Z
BlackRoad-OS	blackroad-product-catalog	public	main	2026-03-26T01:33:54Z
BlackRoad-OS	blackroad-marine-biology-lab	public	main	2026-03-26T01:26:27Z
BlackRoad-OS	blackroad-ship-navigation	public	main	2026-03-26T01:36:32Z
BlackRoad-OS	blackroad-route-optimizer	public	main	2026-03-26T01:35:40Z
BlackRoad-OS	blackroad-vehicle-maintenance	public	main	2026-03-26T01:38:51Z
BlackRoad-OS	blackroad-inventory-management	public	main	2026-03-26T01:25:12Z
BlackRoad-OS	blackroad-warehouse-optimizer	public	main	2026-03-26T01:39:18Z
BlackRoad-OS	blackroad-soil-analytics	public	main	2026-03-26T01:36:54Z
BlackRoad-OS	blackroad-insurance-tech	public	main	2026-03-26T01:25:03Z
BlackRoad-OS	blackroad-forex-analyzer	public	main	2026-03-26T01:23:42Z
BlackRoad-OS	blackroad-stock-predictor	public	main	2026-03-26T01:37:27Z
BlackRoad-OS	blackroad-lending-system	public	main	2026-03-26T01:26:14Z
BlackRoad-OS	blackroad-public-transport	public	main	2026-03-26T01:34:20Z
BlackRoad-OS	blackroad-smart-lighting	public	main	2026-03-26T01:36:42Z
BlackRoad-OS	blackroad-citizen-app	public	main	2026-03-26T01:20:39Z
BlackRoad-OS	blackroad-urban-analytics	public	main	2026-03-26T01:38:44Z
BlackRoad-OS	blackroad-virtual-showroom	public	main	2026-03-26T01:38:54Z
BlackRoad-OS	blackroad-haptic-feedback	public	main	2026-03-26T01:24:28Z
BlackRoad-OS	blackroad-ar-navigation	public	main	2026-03-26T01:18:58Z
BlackRoad-OS	blackroad-hologram-projector	public	main	2026-03-26T01:24:41Z
BlackRoad-OS	blackroad-fusion-simulator	public	main	2026-03-26T01:23:51Z
BlackRoad-OS	blackroad-neutron-detector	public	main	2026-03-26T01:28:01Z
BlackRoad-OS	blackroad-radiation-safety	public	main	2026-03-26T01:34:40Z
BlackRoad-OS	blackroad-nuclear-waste-tracker	public	main	2026-03-26T01:28:16Z
BlackRoad-OS	blackroad-molecular-assembler	public	main	2026-03-26T01:27:16Z
BlackRoad-OS	blackroad-nano-sensor	public	main	2026-03-26T01:27:49Z
BlackRoad-OS	blackroad-nano-fabrication	public	main	2026-03-26T01:27:39Z
BlackRoad-OS	blackroad-nano-medicine	public	main	2026-03-26T01:27:46Z
BlackRoad-OS	blackroad-submarine-tracker	public	main	2026-03-26T01:37:29Z
BlackRoad-OS	blackroad-ocean-data-collector	public	main	2026-03-26T01:28:29Z
BlackRoad-OS	blackroad-underwater-drone	public	main	2026-03-26T01:38:38Z
BlackRoad-OS	blackroad-coral-reef-monitor	public	main	2026-03-26T01:21:16Z
BlackRoad-OS	blackroad-risk-calculator	public	main	2026-03-26T01:35:20Z
BlackRoad-OS	blackroad-waste-management	public	main	2026-03-26T01:39:26Z
BlackRoad-OS	blackroad-live-broadcast	public	main	2026-03-26T01:26:03Z
BlackRoad-OS	blackroad-subtitle-generator	public	main	2026-03-26T01:37:33Z
BlackRoad-OS	blackroad-athlete-tracker	public	main	2026-03-26T01:19:12Z
BlackRoad-OS	blackroad-workout-logger	public	main	2026-03-26T01:39:56Z
BlackRoad-OS	blackroad-nutrition-tracker	public	main	2026-03-26T01:28:18Z
BlackRoad-OS	blackroad-sports-analytics	public	main	2026-03-26T01:37:05Z
BlackRoad-OS	blackroad-parking-system	public	main	2026-03-26T01:32:55Z
BlackRoad-OS	blackroad-logistics-planner	public	main	2026-03-26T01:26:21Z
BlackRoad-OS	blackroad-solar-optimizer	public	main	2026-03-26T01:36:56Z
BlackRoad-OS	blackroad-volunteer-portal	public	main	2026-03-26T01:39:04Z
BlackRoad-OS	blackroad-fundraising-platform	public	main	2026-03-26T01:23:49Z
BlackRoad-OS	blackroad-impact-tracker	public	main	2026-03-26T01:24:55Z
BlackRoad-OS	blackroad-charity-marketplace	public	main	2026-03-26T01:20:21Z
BlackRoad-OS	blackroad-social-network	public	main	2026-03-26T01:36:47Z
BlackRoad-OS	blackroad-pricing	public	main	2026-03-26T01:33:42Z
BlackRoad-OS	blackroad-neural-network-designer	public	main	2026-03-26T01:27:58Z
BlackRoad-OS	blackroad-prompt-engineering-studio	public	main	2026-03-26T01:34:14Z
BlackRoad-OS	blackroad-chatbot-builder	public	main	2026-03-26T01:20:31Z
BlackRoad-OS	blackroad-ai-pipeline-orchestrator	public	main	2026-03-26T01:18:06Z
BlackRoad-OS	blackroad-computer-vision-platform	public	main	2026-03-26T01:20:59Z
BlackRoad-OS	blackroad-observability-platform	public	main	2026-03-26T01:28:27Z
BlackRoad-OS	blackroad-incident-response-automation	public	main	2026-03-26T01:24:59Z
BlackRoad-OS	blackroad-chaos-engineering	public	main	2026-03-26T01:20:20Z
BlackRoad-OS	blackroad-gitops-controller	public	main	2026-03-26T01:24:06Z
BlackRoad-OS	blackroad-feature-flag-manager	public	main	2026-03-26T01:23:22Z
BlackRoad-OS	blackroad-sre-dashboard	public	main	2026-03-26T01:37:11Z
BlackRoad-OS	blackroad-platform-engineering-toolkit	public	main	2026-03-26T01:33:26Z
BlackRoad-OS	blackroad-ipfs-gateway	public	main	2026-03-26T01:25:29Z
BlackRoad-OS	blackroad-decentralized-identity	public	main	2026-03-26T01:22:02Z
BlackRoad-OS	blackroad-web3-analytics	public	main	2026-03-26T01:39:36Z
BlackRoad-OS	blackroad-nft-generator	public	main	2026-03-26T01:28:02Z
BlackRoad-OS	blackroad-smart-contract-auditor	public	main	2026-03-26T01:36:38Z
BlackRoad-OS	blackroad-web3-authentication	public	main	2026-03-26T01:39:38Z
BlackRoad-OS	blackroad-etl-pipeline	public	main	2026-03-26T01:23:08Z
BlackRoad-OS	blackroad-data-lake-manager	public	main	2026-03-26T01:21:46Z
BlackRoad-OS	blackroad-data-quality-checker	public	main	2026-03-26T01:21:52Z
BlackRoad-OS	blackroad-schema-registry	public	main	2026-03-26T01:36:00Z
BlackRoad-OS	blackroad-data-catalog	public	main	2026-03-26T01:21:39Z
BlackRoad-OS	blackroad-real-time-analytics	public	main	2026-03-26T01:34:55Z
BlackRoad-OS	blackroad-data-lineage-tracker	public	main	2026-03-26T01:21:48Z
BlackRoad-OS	blackroad-ai-platform	public	master	2026-03-26T01:18:08Z
BlackRoad-OS	blackroad-admin-portal	public	master	2026-03-26T01:17:55Z
BlackRoad-OS	blackroad-meet	public	master	2026-03-26T01:26:37Z
BlackRoad-OS	blackroad-minio	public	master	2026-03-26T01:26:56Z
BlackRoad-OS	blackroad-docs-site	public	master	2026-03-26T01:22:20Z
BlackRoad-OS	blackroad-vllm	public	master	2026-03-26T01:45:22Z
BlackRoad-OS	roadlog-monitoring	public	master	2026-03-26T01:50:10Z
BlackRoad-OS	roadvpn	public	master	2026-03-26T01:52:30Z
BlackRoad-OS	blackroad-localai	public	master	2026-03-26T01:26:14Z
BlackRoad-OS	roadnote	public	master	2026-03-26T01:50:29Z
BlackRoad-OS	roadscreen	public	master	2026-03-26T01:51:24Z
BlackRoad-OS	genesis-road	public	master	2026-03-26T01:44:02Z
BlackRoad-OS	roadgateway	public	master	2026-03-26T01:49:43Z
BlackRoad-OS	roadmobile	public	master	2026-03-26T01:50:24Z
BlackRoad-OS	roadcli	public	master	2026-03-26T01:48:44Z
BlackRoad-OS	roadauth-pro	public	master	2026-03-26T01:48:24Z
BlackRoad-OS	roadstudio	public	master	2026-03-26T01:51:56Z
BlackRoad-OS	roadmarket	public	master	2026-03-26T01:50:14Z
BlackRoad-OS	roadai	public	master	2026-03-26T01:48:04Z
BlackRoad-OS	roaddns	public	master	2026-03-26T01:49:11Z
BlackRoad-OS	roadssl	public	master	2026-03-26T01:51:49Z
BlackRoad-OS	blackroad-os-vllm	public	main	2026-03-26T01:32:32Z
BlackRoad-OS	blackroad-os-localai	public	main	2026-03-26T01:30:37Z
BlackRoad-OS	blackroad-os-minio	public	main	2026-03-26T01:30:57Z
BlackRoad-OS	blackroad-os-netbird	public	main	2026-03-26T01:30:59Z
BlackRoad-OS	blackroad-os-restic	public	main	2026-03-26T01:31:49Z
BlackRoad-OS	blackroad-os-authelia	public	main	2026-03-26T01:29:00Z
BlackRoad-OS	blackroad-os-espocrm	public	main	2026-03-26T01:29:47Z
BlackRoad-OS	blackroad-os-focalboard	public	main	2026-03-26T01:29:56Z
BlackRoad-OS	blackroad-os-whisper	public	main	2026-03-26T01:32:38Z
BlackRoad-OS	blackroad-os-synapse	public	main	2026-03-26T01:32:09Z
BlackRoad-OS	blackroad-os-taiga	public	main	2026-03-26T01:32:12Z
BlackRoad-OS	blackroad-os-dendrite	public	main	2026-03-26T01:29:41Z
BlackRoad-OS	blackroad-os-suitecrm	public	main	2026-03-26T01:32:07Z
BlackRoad-OS	blackroad-os-arangodb	public	main	2026-03-26T01:28:53Z
BlackRoad-OS	blackroad-os-borg	public	main	2026-03-26T01:29:08Z
BlackRoad-OS	blackroad-os-innernet	public	main	2026-03-26T01:30:15Z
BlackRoad-OS	blackroad-os-tts	public	main	2026-03-26T01:32:20Z
BlackRoad-OS	blackroad-os-vosk	public	main	2026-03-26T01:32:34Z
BlackRoad-OS	blackroad-os-mattermost	public	main	2026-03-26T01:30:48Z
BlackRoad-OS	blackroad-os-gitlab	public	main	2026-03-26T01:29:58Z
BlackRoad-OS	blackroad-os-nextcloud	public	main	2026-03-26T01:31:02Z
BlackRoad-OS	roadstorage	public	master	2026-03-26T01:51:53Z
BlackRoad-OS	blackroad-os-keycloak	public	main	2026-03-26T01:30:28Z
BlackRoad-OS	blackroad-os-grafana	public	main	2026-03-26T01:30:00Z
BlackRoad-OS	blackroad-os-prometheus	public	main	2026-03-26T01:31:39Z
BlackRoad-OS	blackroad-os-rabbitmq	public	main	2026-03-26T01:31:43Z
BlackRoad-OS	blackroad-os-redis	public	main	2026-03-26T01:31:45Z
BlackRoad-OS	roaddb	public	master	2026-03-26T01:49:07Z
BlackRoad-OS	blackroad-os-postgresql	public	main	2026-03-26T01:31:27Z
BlackRoad-OS	roadtranslate	public	master	2026-03-26T01:52:19Z
BlackRoad-OS	blackroad-os-jenkins	public	main	2026-03-26T01:30:26Z
BlackRoad-OS	blackroad-os-harbor	public	main	2026-03-26T01:30:04Z
BlackRoad-OS	blackroad-os-consul	public	main	2026-03-26T01:29:27Z
BlackRoad-OS	blackroad-os-etcd	public	main	2026-03-26T01:29:50Z
BlackRoad-OS	blackroad-os-traefik	public	main	2026-03-26T01:32:18Z
BlackRoad-OS	blackroad-os-caddy	public	main	2026-03-26T01:29:09Z
BlackRoad-OS	blackroad-os-haproxy	public	main	2026-03-26T01:30:02Z
BlackRoad-OS	blackroad-os-opensearch	public	main	2026-03-26T01:31:07Z
BlackRoad-OS	blackroad-os-loki	public	main	2026-03-26T01:30:39Z
BlackRoad-OS	blackroad-os-victoriametrics	public	main	2026-03-26T01:32:30Z
BlackRoad-OS	blackroad-os-cortex	public	main	2026-03-26T01:29:33Z
BlackRoad-OS	blackroad-os-thanos	public	main	2026-03-26T01:32:16Z
BlackRoad-OS	blackroad-os-rook	public	main	2026-03-26T01:31:56Z
BlackRoad-OS	blackroad-os-longhorn	public	main	2026-03-26T01:30:42Z
BlackRoad-OS	blackroad-os-velero	public	main	2026-03-26T01:32:28Z
BlackRoad-OS	blackroad-os-argocd	public	main	2026-03-26T01:28:57Z
BlackRoad-OS	blackroad-os-flux	public	main	2026-03-26T01:29:54Z
BlackRoad-OS	blackroad-os-temporal	public	main	2026-03-26T01:32:13Z
BlackRoad-OS	blackroad-os-prefect	public	main	2026-03-26T01:31:29Z
BlackRoad-OS	blackroad-os-airflow	public	main	2026-03-26T01:28:42Z
BlackRoad-OS	blackroad-os-backstage	public	main	2026-03-26T01:29:02Z
BlackRoad-OS	blackroad-os-jaeger	public	main	2026-03-26T01:30:23Z
BlackRoad-OS	blackroad-os-zipkin	public	main	2026-03-26T01:32:45Z
BlackRoad-OS	blackroad-os-falco	public	main	2026-03-26T01:29:52Z
BlackRoad-OS	blackroad-os-cilium	public	main	2026-03-26T01:29:14Z
BlackRoad-OS	blackroad-os-linkerd	public	main	2026-03-26T01:30:35Z
BlackRoad-OS	blackroad-os-istio	public	main	2026-03-26T01:30:22Z
BlackRoad-OS	road-registry-api	public	main	2026-03-26T01:47:59Z
BlackRoad-OS	road-control	public	main	2026-03-26T01:47:51Z
BlackRoad-OS	quantum-computing-revolution	public	master	2026-03-26T01:47:38Z
BlackRoad-OS	english-revolution	public	master	2026-03-26T01:43:16Z
BlackRoad-OS	pi-cost-calculator	public	master	2026-03-26T01:46:49Z
BlackRoad-OS	pi-ai-registry	public	master	2026-03-26T01:46:47Z
BlackRoad-OS	pi-ai-hub	public	master	2026-03-26T01:46:45Z
BlackRoad-OS	pi-launch-dashboard	public	master	2026-03-26T01:46:58Z
BlackRoad-OS	pi-monitoring-automation	public	master	2026-03-26T01:47:02Z
BlackRoad-OS	pi-mission-control	public	master	2026-03-26T01:47:00Z
BlackRoad-OS	pi-launch-automation	public	master	2026-03-26T01:46:55Z
BlackRoad-OS	pi-viral-hub	public	master	2026-03-26T01:47:04Z
BlackRoad-OS	pi-viral-megapack	public	master	2026-03-26T01:47:07Z
BlackRoad-OS	pi-ecosystem-domination	public	master	2026-03-26T01:46:51Z
BlackRoad-OS	blackroad-os-sales	public	main	2026-03-26T01:31:58Z
BlackRoad-OS	pi-execution-playbook	public	main	2026-03-26T01:46:53Z
BlackRoad-OS	roadscheduler	public	main	2026-03-26T01:51:20Z
BlackRoad-OS	roadnotify	public	main	2026-03-26T01:50:31Z
BlackRoad-OS	roadcache	public	main	2026-03-26T01:48:32Z
BlackRoad-OS	roadmetrics	public	main	2026-03-26T01:50:17Z
BlackRoad-OS	roadvalidate	public	main	2026-03-26T01:52:23Z
BlackRoad-OS	roadaudit	public	main	2026-03-26T01:48:20Z
BlackRoad-OS	roadfeatures	public	main	2026-03-26T01:49:25Z
BlackRoad-OS	roadlimits	public	main	2026-03-26T01:50:02Z
BlackRoad-OS	roadconfig	public	main	2026-03-26T01:48:56Z
BlackRoad-OS	roadhealth	public	main	2026-03-26T01:49:48Z
BlackRoad-OS	roadmigrations	public	main	2026-03-26T01:50:21Z
BlackRoad-OS	roadwebhooks	public	main	2026-03-26T01:52:39Z
BlackRoad-OS	roadevents	public	main	2026-03-26T01:49:18Z
BlackRoad-OS	roadsessions	public	main	2026-03-26T01:51:37Z
BlackRoad-OS	blackroad-memory	public	main	2026-03-26T01:26:44Z
BlackRoad-OS	blackroad-memory-system	public	master	2026-03-26T01:26:45Z
BlackRoad-OS	roadpermissions	public	main	2026-03-26T01:50:52Z
BlackRoad-OS	roadlocalize	public	main	2026-03-26T01:50:04Z
BlackRoad-OS	roadworkflow	public	main	2026-03-26T01:52:44Z
BlackRoad-OS	roadsecrets	public	main	2026-03-26T01:51:31Z
BlackRoad-OS	roadfiles	public	main	2026-03-26T01:49:29Z
BlackRoad-OS	roadpipeline	public	main	2026-03-26T01:50:57Z
BlackRoad-OS	blackroad-scripts	public	master	2026-03-26T01:36:07Z
BlackRoad-OS	roadtenant	public	main	2026-03-26T01:52:05Z
BlackRoad-OS	roadmonitor	public	main	2026-03-26T01:50:27Z
BlackRoad-OS	roadversion	public	main	2026-03-26T01:52:28Z
BlackRoad-OS	roadtest	public	main	2026-03-26T01:52:09Z
BlackRoad-OS	roadmock	public	main	2026-03-26T01:50:25Z
BlackRoad-OS	roadlog	public	main	2026-03-26T01:50:08Z
BlackRoad-OS	roadsync	public	main	2026-03-26T01:51:58Z
BlackRoad-OS	roadreport	public	main	2026-03-26T01:51:14Z
BlackRoad-OS	roadservice	public	main	2026-03-26T01:51:32Z
BlackRoad-OS	roadgraph	public	master	2026-03-26T01:49:44Z
BlackRoad-OS	roadcontainer	public	master	2026-03-26T01:49:01Z
BlackRoad-OS	roadcompress	public	master	2026-03-26T01:48:54Z
BlackRoad-OS	roadparser	public	master	2026-03-26T01:50:43Z
BlackRoad-OS	roadstate	public	master	2026-03-26T01:51:51Z
BlackRoad-OS	roadschema	public	master	2026-03-26T01:51:22Z
BlackRoad-OS	roadhttp	public	master	2026-03-26T01:49:51Z
BlackRoad-OS	roadwebsocket	public	master	2026-03-26T01:52:41Z
BlackRoad-OS	roadrpc	public	master	2026-03-26T01:51:18Z
BlackRoad-OS	roadpubsub	public	master	2026-03-26T01:51:02Z
BlackRoad-OS	roadbatch	public	master	2026-03-26T01:48:26Z
BlackRoad-OS	roadrepl	public	master	2026-03-26T01:51:13Z
BlackRoad-OS	roadplugin	public	master	2026-03-26T01:50:59Z
BlackRoad-OS	roadlocale	public	master	2026-03-26T01:50:02Z
BlackRoad-OS	roadacl	public	master	2026-03-26T01:48:01Z
BlackRoad-OS	roadthrottle	public	master	2026-03-26T01:52:11Z
BlackRoad-OS	roaddiff	public	master	2026-03-26T01:49:09Z
BlackRoad-OS	roadfeature	public	master	2026-03-26T01:49:23Z
BlackRoad-OS	blackroad-salesforce-hub	public	main	2026-03-26T01:35:46Z
BlackRoad-OS	roadsession	public	master	2026-03-26T01:51:35Z
BlackRoad-OS	roadexport	public	master	2026-03-26T01:49:20Z
BlackRoad-OS	roadimport	public	master	2026-03-26T01:49:53Z
BlackRoad-OS	roaddashboard	public	master	2026-03-26T01:49:05Z
BlackRoad-OS	roadwebhook	public	master	2026-03-26T01:52:36Z
BlackRoad-OS	roadoauth	public	master	2026-03-26T01:50:33Z
BlackRoad-OS	roadpayment	public	master	2026-03-26T01:50:51Z
BlackRoad-OS	roadform	public	master	2026-03-26T01:49:33Z
BlackRoad-OS	roadmigrate	public	master	2026-03-26T01:50:19Z
BlackRoad-OS	roadtask	public	master	2026-03-26T01:52:01Z
BlackRoad-OS	roadlock	public	master	2026-03-26T01:50:06Z
BlackRoad-OS	roadretry	public	master	2026-03-26T01:51:16Z
BlackRoad-OS	roadvector	public	master	2026-03-26T01:52:25Z
BlackRoad-OS	roadtree	public	master	2026-03-26T01:52:22Z
BlackRoad-OS	roadindex	public	master	2026-03-26T01:49:55Z
BlackRoad-OS	roadregex	public	master	2026-03-26T01:51:10Z
BlackRoad-OS	roadshell	public	master	2026-03-26T01:51:39Z
BlackRoad-OS	roadterm	public	master	2026-03-26T01:52:07Z
BlackRoad-OS	roadconsole	public	master	2026-03-26T01:48:59Z
BlackRoad-OS	roadprompt	public	master	2026-03-26T01:51:01Z
BlackRoad-OS	roadarg	public	master	2026-03-26T01:48:15Z
BlackRoad-OS	roadyaml	public	master	2026-03-26T01:52:49Z
BlackRoad-OS	roadtoml	public	master	2026-03-26T01:52:16Z
BlackRoad-OS	roadini	public	master	2026-03-26T01:49:57Z
BlackRoad-OS	roadenv	public	master	2026-03-26T01:49:15Z
BlackRoad-OS	roadsecret	public	master	2026-03-26T01:51:28Z
BlackRoad-OS	roadfile	public	master	2026-03-26T01:49:27Z
BlackRoad-OS	roadpath	public	master	2026-03-26T01:50:46Z
BlackRoad-OS	roadarchive	public	master	2026-03-26T01:48:15Z
BlackRoad-OS	roadwatch	public	master	2026-03-26T01:52:32Z
BlackRoad-OS	roadtemp	public	master	2026-03-26T01:52:03Z
BlackRoad-OS	roadpipe	public	master	2026-03-26T01:50:55Z
BlackRoad-OS	roadws	public	master	2026-03-26T01:52:46Z
BlackRoad-OS	roadsocket	public	master	2026-03-26T01:51:45Z
BlackRoad-OS	roadftp	public	master	2026-03-26T01:49:38Z
BlackRoad-OS	roadsmtp	public	master	2026-03-26T01:51:43Z
BlackRoad-OS	roadhash	public	master	2026-03-26T01:49:47Z
BlackRoad-OS	roadcipher	public	master	2026-03-26T01:48:41Z
BlackRoad-OS	roadsign	public	master	2026-03-26T01:51:41Z
BlackRoad-OS	roadtoken	public	master	2026-03-26T01:52:13Z
BlackRoad-OS	roadpassword	public	master	2026-03-26T01:50:44Z
BlackRoad-OS	roadotp	public	master	2026-03-26T01:50:38Z
BlackRoad-OS	roadfixture	public	master	2026-03-26T01:49:31Z
BlackRoad-OS	roadassert	public	master	2026-03-26T01:48:18Z
BlackRoad-OS	roadbench	public	master	2026-03-26T01:48:28Z
BlackRoad-OS	roadfuzz	public	master	2026-03-26T01:49:40Z
BlackRoad-OS	roadsql	public	main	2026-03-26T01:51:47Z
BlackRoad-OS	roadorm	public	main	2026-03-26T01:50:36Z
BlackRoad-OS	roadquery	public	main	2026-03-26T01:51:07Z
BlackRoad-OS	roadtransaction	public	main	2026-03-26T01:52:18Z
BlackRoad-OS	.github	public	main	2026-03-26T20:29:53Z
BlackRoad-OS	road-ml-pipeline	public	main	2026-03-26T01:47:54Z
BlackRoad-OS	roadquantum	public	main	2026-03-26T01:51:04Z
BlackRoad-OS	blackboxprogramming.github.io	public	main	2026-03-26T01:17:36Z
BlackRoad-OS	control-map	public	main	2026-03-26T01:42:18Z
BlackRoad-OS	blackroad-cloudflare-infra	public	main	2026-03-26T01:20:41Z
BlackRoad-OS	index	public	main	2026-03-26T01:44:52Z
BlackRoad-OS	command-center	public	main	2026-03-26T01:41:59Z
BlackRoad-OS	dashboard	public	main	2026-03-26T01:42:27Z
BlackRoad-OS	portal	public	main	2026-03-26T01:47:13Z
BlackRoad-OS	blackroad.io	public	main	2026-03-26T01:40:27Z
BlackRoad-OS	skills-sdk	public	main	2026-03-26T01:53:21Z
BlackRoad-OS	tools-api	public	main	2026-03-26T01:54:15Z
BlackRoad-OS	cece-archive	public	main	2026-03-26T01:41:12Z
BlackRoad-OS	blackroad-platform-hub	public	main	2026-03-26T01:33:29Z
BlackRoad-OS	filesystem	public	main	2026-03-26T01:43:38Z
BlackRoad-OS	dev	public	main	2026-03-26T01:42:38Z
BlackRoad-OS	ai	public	main	2026-03-26T01:16:04Z
BlackRoad-OS	gov	public	main	2026-03-26T01:44:19Z
BlackRoad-OS	law	public	main	2026-03-26T01:45:23Z
BlackRoad-OS	infra	public	main	2026-03-26T01:45:01Z
BlackRoad-OS	cloud	public	main	2026-03-26T01:41:47Z
BlackRoad-OS	data	public	main	2026-03-26T01:42:34Z
BlackRoad-OS	docs	public	main	2026-03-26T01:42:48Z
BlackRoad-OS	people	public	main	2026-03-26T01:46:44Z
BlackRoad-OS	media	public	main	2026-03-26T01:45:43Z
BlackRoad-OS	labs	public	main	2026-03-26T01:45:20Z
BlackRoad-OS	google	public	main	2026-03-26T01:44:15Z
BlackRoad-OS	anthropic	public	main	2026-03-26T01:16:37Z
BlackRoad-OS	openai	public	main	2026-03-26T01:46:29Z
BlackRoad-OS	xai	public	main	2026-03-26T01:55:00Z
BlackRoad-OS	claude	public	main	2026-03-26T01:41:34Z
BlackRoad-OS	chatgpt	public	main	2026-03-26T01:41:23Z
BlackRoad-OS	gemini	public	main	2026-03-26T01:43:57Z
BlackRoad-OS	grok	public	main	2026-03-26T01:44:25Z
BlackRoad-OS	orchestration	public	main	2026-03-26T01:46:36Z
BlackRoad-OS	scheduler	public	main	2026-03-26T01:52:55Z
BlackRoad-OS	identity	public	main	2026-03-26T01:44:50Z
BlackRoad-OS	keys	public	main	2026-03-26T01:45:18Z
BlackRoad-OS	api	public	main	2026-03-26T01:16:39Z
BlackRoad-OS	protocol	public	main	2026-03-26T01:47:29Z
BlackRoad-OS	schema	public	main	2026-03-26T01:52:57Z
BlackRoad-OS	alexa	public	main	2026-03-26T01:16:10Z
BlackRoad-OS	cloudflare	public	main	2026-03-26T01:41:49Z
BlackRoad-OS	railway	public	main	2026-03-26T01:47:43Z
BlackRoad-OS	vercel	public	main	2026-03-26T01:54:34Z
BlackRoad-OS	aws	public	main	2026-03-26T01:17:16Z
BlackRoad-OS	digitalocean	public	main	2026-03-26T01:42:44Z
BlackRoad-OS	droplet	public	main	2026-03-26T01:42:55Z
BlackRoad-OS	instagram	public	main	2026-03-26T01:45:05Z
BlackRoad-OS	blackrock	public	main	2026-03-26T01:40:44Z
BlackRoad-OS	linkedin	public	main	2026-03-26T01:45:24Z
BlackRoad-OS	facebook	public	main	2026-03-26T01:43:34Z
BlackRoad-OS	tiktok	public	main	2026-03-26T01:54:07Z
BlackRoad-OS	threads	public	main	2026-03-26T01:54:06Z
BlackRoad-OS	canva	public	main	2026-03-26T01:41:04Z
BlackRoad-OS	notion	public	main	2026-03-26T01:46:19Z
BlackRoad-OS	medium	public	main	2026-03-26T01:45:46Z
BlackRoad-OS	substack	public	main	2026-03-26T01:53:55Z
BlackRoad-OS	bin	public	main	2026-03-26T01:17:29Z
BlackRoad-OS	conf	public	main	2026-03-26T01:42:06Z
BlackRoad-OS	chat	public	main	2026-03-26T01:41:21Z
BlackRoad-OS	fs	public	main	2026-03-26T01:43:50Z
BlackRoad-OS	cache	public	main	2026-03-26T01:40:57Z
BlackRoad-OS	git	public	main	2026-03-26T01:44:04Z
BlackRoad-OS	cli	public	main	2026-03-26T01:41:46Z
BlackRoad-OS	search	public	main	2026-03-26T01:53:02Z
BlackRoad-OS	matrix	public	main	2026-03-26T01:45:42Z
BlackRoad-OS	quantum	public	main	2026-03-26T01:47:34Z
BlackRoad-OS	metamask	public	main	2026-03-26T01:45:51Z
BlackRoad-OS	apple	public	main	2026-03-26T01:16:57Z
BlackRoad-OS	wikipedia	public	main	2026-03-26T01:54:47Z
BlackRoad-OS	atlas	public	main	2026-03-26T01:17:10Z
BlackRoad-OS	nvidia	public	main	2026-03-26T01:46:22Z
BlackRoad-OS	copilot	public	main	2026-03-26T01:42:21Z
BlackRoad-OS	claude-code	public	main	2026-03-26T01:41:36Z
BlackRoad-OS	codex	public	main	2026-03-26T01:41:55Z
BlackRoad-OS	lucidia	public	main	2026-03-26T01:45:30Z
BlackRoad-OS	aria	public	main	2026-03-26T01:17:01Z
BlackRoad-OS	octavia	public	main	2026-03-26T01:46:24Z
BlackRoad-OS	anastasia	public	main	2026-03-26T01:16:31Z
BlackRoad-OS	codex-infinity	public	main	2026-03-26T01:41:57Z
BlackRoad-OS	cadence	public	main	2026-03-26T01:41:03Z
BlackRoad-OS	cecilia	public	main	2026-03-26T01:41:16Z
BlackRoad-OS	silas	public	main	2026-03-26T01:53:10Z
BlackRoad-OS	gematria	public	main	2026-03-26T01:43:55Z
BlackRoad-OS	blackboxprogramming	public	main	2026-03-26T01:17:31Z
BlackRoad-OS	roadchain.io	public	main	2026-03-26T01:48:37Z
BlackRoad-OS	github	public	main	2026-03-26T01:44:07Z
BlackRoad-OS	code	public	main	2026-03-26T01:41:51Z
BlackRoad-OS	platform	public	main	2026-03-26T01:47:09Z
BlackRoad-OS	jsx	public	main	2026-03-26T01:45:16Z
BlackRoad-OS	claude.ai	public	main	2026-03-26T01:41:42Z
BlackRoad-OS	chatgpt.com	public	main	2026-03-26T01:41:25Z
BlackRoad-OS	remote	public	main	2026-03-26T01:47:49Z
BlackRoad-OS	btc	public	main	2026-03-26T01:40:54Z
BlackRoad-OS	jsonc	public	main	2026-03-26T01:45:13Z
BlackRoad-OS	operator	public	main	2026-03-26T01:46:34Z
BlackRoad-OS	drive	public	main	2026-03-26T01:42:54Z
BlackRoad-OS	gdrive	public	main	2026-03-26T01:43:53Z
BlackRoad-OS	github.com	public	main	2026-03-26T01:44:08Z
BlackRoad-OS	codespaces	public	main	2026-03-26T01:41:53Z
BlackRoad-OS	platform-dashboard	public	main	2026-03-26T01:47:11Z
BlackRoad-OS	blackroad-os.github.io	public	main	2026-03-26T01:32:47Z
BlackRoad-OS	staff	public	main	2026-03-26T01:53:38Z
BlackRoad-OS	sh	public	main	2026-03-26T01:53:06Z
BlackRoad-OS	studio	public	main	2026-03-26T01:53:53Z
BlackRoad-OS	edge	public	main	2026-03-26T01:43:05Z
BlackRoad-OS	workers	public	main	2026-03-26T01:54:49Z
BlackRoad-OS	hack	public	main	2026-03-26T01:44:27Z
BlackRoad-OS	cpp	public	main	2026-03-26T01:42:23Z
BlackRoad-OS	votes	public	main	2026-03-26T01:54:39Z
BlackRoad-OS	html	public	main	2026-03-26T01:44:46Z
BlackRoad-OS	firmware	public	main	2026-03-26T01:43:43Z
BlackRoad-OS	ino	public	main	2026-03-26T01:45:03Z
BlackRoad-OS	en	public	main	2026-03-26T01:43:11Z
BlackRoad-OS	typescript	public	main	2026-03-26T01:54:28Z
BlackRoad-OS	tools	public	main	2026-03-26T01:54:13Z
BlackRoad-OS	Modelfile	public	main	2026-03-26T01:46:04Z
BlackRoad-OS	webhooks	public	main	2026-03-26T01:54:44Z
BlackRoad-OS	templates	public	main	2026-03-26T01:54:01Z
BlackRoad-OS	sync	public	main	2026-03-26T01:53:59Z
BlackRoad-OS	skills	public	main	2026-03-26T01:53:19Z
BlackRoad-OS	sites	public	main	2026-03-26T01:53:16Z
BlackRoad-OS	services	public	main	2026-03-26T01:53:04Z
BlackRoad-OS	sdk	public	main	2026-03-26T01:53:00Z
BlackRoad-OS	scripts	public	main	2026-03-26T01:52:58Z
BlackRoad-OS	blackroad.com	public	main	2026-03-26T01:40:24Z
BlackRoad-OS	blackroad.ai	public	main	2026-03-26T01:40:22Z
BlackRoad-OS	orgs	public	main	2026-03-26T01:46:38Z
BlackRoad-OS	memory	public	main	2026-03-26T01:45:48Z
BlackRoad-OS	app	public	main	2026-03-26T01:16:50Z
BlackRoad-OS	tv	public	main	2026-03-26T01:54:26Z
BlackRoad-OS	global	public	main	2026-03-26T01:44:11Z
BlackRoad-OS	ip	public	main	2026-03-26T01:45:07Z
BlackRoad-OS	homebrew	public	main	2026-03-26T01:44:38Z
BlackRoad-OS	cellar	public	main	2026-03-26T01:41:19Z
BlackRoad-OS	python	public	main	2026-03-26T01:47:32Z
BlackRoad-OS	framework	public	main	2026-03-26T01:43:47Z
BlackRoad-OS	index.py	public	main	2026-03-26T01:44:59Z
BlackRoad-OS	index.md	public	main	2026-03-26T01:44:57Z
BlackRoad-OS	slashcommand	public	main	2026-03-26T01:53:25Z
BlackRoad-OS	googlecloud	public	main	2026-03-26T01:44:18Z
BlackRoad-OS	.-.-.	public	main	2026-03-26T01:15:45Z
BlackRoad-OS	www.	public	main	2026-03-26T01:54:58Z
BlackRoad-OS	math	public	main	2026-03-26T01:45:39Z
BlackRoad-OS	assembly	public	main	2026-03-26T01:17:08Z
BlackRoad-OS	ascii	public	main	2026-03-26T01:17:03Z
BlackRoad-OS	ansi	public	main	2026-03-26T01:16:35Z
BlackRoad-OS	docx	public	main	2026-03-26T01:42:50Z
BlackRoad-OS	workspacefolder	public	main	2026-03-26T01:54:53Z
BlackRoad-OS	help	public	main	2026-03-26T01:44:34Z
BlackRoad-OS	cece-os	public	main	2026-03-26T01:41:14Z
BlackRoad-OS	blackroad-app-factory	public	main	2026-03-26T01:18:54Z
BlackRoad-OS	blackroadquantum-info	public	main	2026-03-26T01:40:36Z
BlackRoad-OS	blackroadquantum-net	public	main	2026-03-26T01:40:38Z
BlackRoad-OS	blackroadquantum-shop	public	main	2026-03-26T01:40:40Z
BlackRoad-OS	blackroadquantum-store	public	main	2026-03-26T01:40:47Z
BlackRoad-OS	blackroad-404	private	main	2026-03-26T01:17:41Z
BlackRoad-OS	blackroad-admin-dashboard	private	main	2026-03-26T01:17:53Z
BlackRoad-OS	blackroad-analyst	private	main	2026-03-26T01:18:12Z
BlackRoad-OS	blackroad-analytics-worker	private	main	2026-03-26T01:18:21Z
BlackRoad-OS	blackroad-api-billing-railway	private	main	2026-03-26T01:18:31Z
BlackRoad-OS	blackroad-api-billing-worker	private	main	2026-03-26T01:18:34Z
BlackRoad-OS	blackroad-api-cloudflare	private	main	2026-03-26T01:18:36Z
BlackRoad-OS	blackroad-api-worker	private	main	2026-03-26T01:18:48Z
BlackRoad-OS	blackroad-app	private	main	2026-03-26T01:18:52Z
BlackRoad-OS	blackroad-audit-worker	private	main	2026-03-26T01:19:21Z
BlackRoad-OS	BlackRoad-Public	public	main	2026-03-26T01:34:18Z
BlackRoad-OS	BlackRoad-Private	private	main	2026-03-26T01:33:49Z
BlackRoad-OS	BlackRoad-Internal	public	main	2026-03-26T01:25:08Z
BlackRoad-OS	BlackRoad-Personal	public	main	2026-03-26T01:33:13Z
BlackRoad-OS	BlackRoad-Anthropic	public	main	2026-03-26T01:18:25Z
BlackRoad-OS	BlackRoad-Google	public	main	2026-03-26T01:24:11Z
BlackRoad-OS	BlackRoad-OpenAI	public	main	2026-03-26T01:28:34Z
BlackRoad-OS	BlackRoad-xAI	public	main	2026-03-26T01:40:02Z
BlackRoad-OS	BlackRoad-Communication	public	main	2026-03-26T01:20:55Z
BlackRoad-OS	blackroad-chat	public	main	2026-03-26T01:20:23Z
BlackRoad-OS	blackroad-builder	public	main	2026-03-26T01:19:48Z
BlackRoad-OS	context-bridge	public	main	2026-03-26T01:42:14Z
BlackRoad-OS	homebrew-tap	public	main	2026-03-26T01:44:40Z
BlackRoad-OS	helm-charts	public	main	2026-03-26T01:44:32Z
BlackRoad-OS	slack-bot	public	main	2026-03-26T01:53:24Z
BlackRoad-OS	vscode-extension	public	main	2026-03-26T01:54:42Z
BlackRoad-OS	chrome-extension	public	main	2026-03-26T01:41:27Z
BlackRoad-OS	discord-bot	public	main	2026-03-26T01:42:46Z
BlackRoad-OS	jetbrains-plugin	public	main	2026-03-26T01:45:10Z
BlackRoad-OS	n8n-nodes	public	main	2026-03-26T01:46:14Z
BlackRoad-OS	zapier-app	public	main	2026-03-26T01:55:02Z
BlackRoad-OS	status-page	public	main	2026-03-26T01:53:49Z
BlackRoad-OS	blackroad-chrome-extension	public	main	2026-03-26T01:20:31Z
BlackRoad-OS	marketing	public	main	2026-03-26T01:45:36Z
BlackRoad-OS	social-media	public	main	2026-03-26T01:53:28Z
BlackRoad-OS	affiliate-program	public	main	2026-03-26T01:16:02Z
BlackRoad-OS	blog-content	public	main	2026-03-26T01:40:54Z
BlackRoad-OS	auto-scaling	public	main	2026-03-26T01:17:13Z
BlackRoad-OS	azure-marketplace	public	main	2026-03-26T01:17:18Z
BlackRoad-OS	claude-integration	public	main	2026-03-26T01:41:40Z
BlackRoad-OS	argocd-config	public	main	2026-03-26T01:16:59Z
BlackRoad-OS	prometheus-stack	public	main	2026-03-26T01:47:25Z
BlackRoad-OS	grafana-dashboards	public	main	2026-03-26T01:44:21Z
BlackRoad-OS	compliance-framework	public	main	2026-03-26T01:42:02Z
BlackRoad-OS	onnx-runtime	public	main	2026-03-26T01:46:26Z
BlackRoad-OS	blackroad-slack-app	public	main	2026-03-26T01:36:34Z
BlackRoad-OS	tensorrt-config	public	main	2026-03-26T01:54:03Z
BlackRoad-OS	openvino-config	public	main	2026-03-26T01:46:31Z
BlackRoad-OS	blackroad-zapier	public	main	2026-03-26T01:40:10Z
BlackRoad-OS	triton-config	public	main	2026-03-26T01:54:24Z
BlackRoad-OS	gemini-integration	public	main	2026-03-26T01:44:00Z
BlackRoad-OS	blackroad-zapier-app	public	main	2026-03-26T01:40:13Z
BlackRoad-OS	api-gateway	public	main	2026-03-26T01:16:49Z
BlackRoad-OS	event-bus	public	main	2026-03-26T01:43:27Z
BlackRoad-OS	mistral-integration	public	main	2026-03-26T01:46:00Z
BlackRoad-OS	job-queue	public	main	2026-03-26T01:45:12Z
BlackRoad-OS	cache-layer	public	main	2026-03-26T01:41:03Z
BlackRoad-OS	graphql-gateway	public	main	2026-03-26T01:44:23Z
BlackRoad-OS	blackroad-graphql-gateway	public	main	2026-03-26T01:24:21Z
BlackRoad-OS	ml-pipelines	public	main	2026-03-26T01:46:01Z
BlackRoad-OS	ai-orchestrator	public	main	2026-03-26T01:16:08Z
BlackRoad-OS	prompt-library	public	main	2026-03-26T01:47:27Z
BlackRoad-OS	eval-suite	public	main	2026-03-26T01:43:25Z
BlackRoad-OS	blackroad-webhooks	public	main	2026-03-26T01:45:28Z
BlackRoad-OS	animation-engine	public	main	2026-03-26T01:16:33Z
BlackRoad-OS	blackroad-email	public	main	2026-03-26T01:22:47Z
BlackRoad-OS	blackroad-sdk	public	main	2026-03-26T01:36:09Z
BlackRoad-OS	blackroad-status	public	main	2026-03-26T01:37:20Z
BlackRoad-OS	blackroad-dev-portal	public	main	2026-03-26T01:22:11Z
BlackRoad-OS	blackroad-analytics	public	main	2026-03-26T01:18:15Z
BlackRoad-OS	blackroad-keys	public	main	2026-03-26T01:25:40Z
BlackRoad-OS	blackroad-flags	public	main	2026-03-26T01:23:38Z
BlackRoad-OS	blackroad-audit	public	main	2026-03-26T01:19:17Z
BlackRoad-OS	blackroad-cron	public	main	2026-03-26T01:21:20Z
BlackRoad-OS	blackroad-ratelimit	public	main	2026-03-26T01:34:48Z
BlackRoad-OS	blackroad-api-hub	public	main	2026-03-26T01:18:41Z
BlackRoad-OS	blackroad-sovereign-ai	public	main	2026-03-26T01:36:58Z
BlackRoad-OS	blackroad-golden-ratio	public	main	2026-03-26T01:24:08Z
BlackRoad-OS	blackroad-unlimited	public	main	2026-03-26T01:38:39Z
BlackRoad-OS	blackroad-quantum-lab	public	main	2026-03-26T01:34:29Z
BlackRoad-OS	blackroad-auth	public	main	2026-03-26T01:19:23Z
BlackRoad-OS	blackroad-billing	public	main	2026-03-26T01:19:37Z
BlackRoad-OS	blackroad-cache	public	main	2026-03-26T01:19:59Z
BlackRoad-OS	blackroad-chat-engine	public	main	2026-03-26T01:20:25Z
BlackRoad-OS	blackroad-ci	public	main	2026-03-26T01:20:32Z
BlackRoad-OS	blackroad-code-review	public	main	2026-03-26T01:20:47Z
BlackRoad-OS	blackroad-config	public	main	2026-03-26T01:21:01Z
BlackRoad-OS	blackroad-container-registry	public	main	2026-03-26T01:21:06Z
BlackRoad-OS	blackroad-dashboard-components	public	main	2026-03-26T01:21:35Z
BlackRoad-OS	blackroad-data-lake	public	main	2026-03-26T01:21:44Z
BlackRoad-OS	blackroad-debugger	public	main	2026-03-26T01:22:00Z
BlackRoad-OS	blackroad-docs-generator	public	main	2026-03-26T01:22:17Z
BlackRoad-OS	blackroad-email-service	public	main	2026-03-26T01:22:52Z
BlackRoad-OS	blackroad-event-bus	public	main	2026-03-26T01:23:11Z
BlackRoad-OS	blackroad-feature-flags	public	main	2026-03-26T01:23:24Z
BlackRoad-OS	blackroad-file-storage	public	main	2026-03-26T01:23:29Z
BlackRoad-OS	blackroad-firewall	public	main	2026-03-26T01:23:34Z
BlackRoad-OS	blackroad-form-builder	public	main	2026-03-26T01:23:44Z
BlackRoad-OS	blackroad-geo-routing	public	main	2026-03-26T01:24:03Z
BlackRoad-OS	blackroad-graphql	public	main	2026-03-26T01:24:17Z
BlackRoad-OS	blackroad-health-checks	public	main	2026-03-26T01:24:34Z
BlackRoad-OS	blackroad-hot-reload	public	main	2026-03-26T01:24:45Z
BlackRoad-OS	blackroad-http-proxy	public	main	2026-03-26T01:24:47Z
BlackRoad-OS	blackroad-image-processing	public	main	2026-03-26T01:24:53Z
BlackRoad-OS	blackroad-ingestion	public	main	2026-03-26T01:25:01Z
BlackRoad-OS	blackroad-integration-hub	public	main	2026-03-26T01:25:05Z
BlackRoad-OS	blackroad-iot-hub	public	main	2026-03-26T01:25:29Z
BlackRoad-OS	blackroad-job-queue	public	main	2026-03-26T01:25:49Z
BlackRoad-OS	blackroad-key-vault	public	main	2026-03-26T01:25:36Z
BlackRoad-OS	blackroad-kubernetes-operator	public	main	2026-03-26T01:26:12Z
BlackRoad-OS	blackroad-lambda	public	main	2026-03-26T01:26:12Z
BlackRoad-OS	blackroad-load-balancer	public	main	2026-03-26T01:26:10Z
BlackRoad-OS	blackroad-log-aggregator	public	main	2026-03-26T01:26:16Z
BlackRoad-OS	blackroad-marketplace	public	main	2026-03-26T01:26:31Z
BlackRoad-OS	blackroad-message-queue	public	main	2026-03-26T01:26:47Z
BlackRoad-OS	blackroad-microservices	public	main	2026-03-26T01:26:52Z
BlackRoad-OS	blackroad-migration-tools	public	main	2026-03-26T01:26:53Z
BlackRoad-OS	blackroad-mobile-sdk	public	main	2026-03-26T01:27:06Z
BlackRoad-OS	blackroad-model-serving	public	main	2026-03-26T01:27:11Z
BlackRoad-OS	blackroad-monitoring-stack	public	main	2026-03-26T01:27:24Z
BlackRoad-OS	blackroad-multitenancy	public	main	2026-03-26T01:27:37Z
BlackRoad-OS	blackroad-notification-service	public	main	2026-03-26T01:28:10Z
BlackRoad-OS	blackroad-oauth-provider	public	main	2026-03-26T01:28:21Z
BlackRoad-OS	blackroad-object-storage	public	main	2026-03-26T01:28:23Z
BlackRoad-OS	blackroad-observability	public	main	2026-03-26T01:28:25Z
BlackRoad-OS	blackroad-orchestrator	public	main	2026-03-26T01:28:38Z
BlackRoad-OS	blackroad-payment-gateway	public	main	2026-03-26T01:33:00Z
BlackRoad-OS	blackroad-pdf-generator	public	main	2026-03-26T01:33:05Z
BlackRoad-OS	blackroad-permissions	public	main	2026-03-26T01:33:09Z
BlackRoad-OS	blackroad-plugin-system	public	main	2026-03-26T01:33:31Z
BlackRoad-OS	blackroad-preview-environments	public	main	2026-03-26T01:33:39Z
BlackRoad-OS	blackroad-profiler	public	main	2026-03-26T01:34:06Z
BlackRoad-OS	blackroad-prometheus-stack	public	main	2026-03-26T01:34:12Z
BlackRoad-OS	blackroad-proxy-pool	public	main	2026-03-26T01:34:16Z
BlackRoad-OS	blackroad-pubsub	public	main	2026-03-26T01:34:23Z
BlackRoad-OS	blackroad-query-engine	public	main	2026-03-26T01:34:33Z
BlackRoad-OS	blackroad-queue-workers	public	main	2026-03-26T01:34:38Z
BlackRoad-OS	blackroad-rate-limiter	public	main	2026-03-26T01:34:46Z
BlackRoad-OS	blackroad-realtime-sync	public	main	2026-03-26T01:34:57Z
BlackRoad-OS	blackroad-recommendation-engine	public	main	2026-03-26T01:35:00Z
BlackRoad-OS	blackroad-registry	public	main	2026-03-26T01:35:01Z
BlackRoad-OS	blackroad-replication	public	main	2026-03-26T01:35:08Z
BlackRoad-OS	blackroad-rest-api	public	main	2026-03-26T01:35:15Z
BlackRoad-OS	blackroad-retry-logic	public	main	2026-03-26T01:35:17Z
BlackRoad-OS	blackroad-rollback	public	main	2026-03-26T01:35:38Z
BlackRoad-OS	blackroad-routing	public	main	2026-03-26T01:35:42Z
BlackRoad-OS	blackroad-scheduler	public	main	2026-03-26T01:35:53Z
BlackRoad-OS	blackroad-sdk-generator	public	main	2026-03-26T01:36:11Z
BlackRoad-OS	blackroad-search-engine	public	main	2026-03-26T01:36:13Z
BlackRoad-OS	blackroad-secrets-rotation	public	main	2026-03-26T01:36:15Z
BlackRoad-OS	blackroad-serverless	public	main	2026-03-26T01:36:22Z
BlackRoad-OS	blackroad-service-discovery	public	main	2026-03-26T01:36:23Z
BlackRoad-OS	blackroad-session-manager	public	main	2026-03-26T01:36:27Z
BlackRoad-OS	blackroad-shard-manager	public	main	2026-03-26T01:36:30Z
BlackRoad-OS	blackroad-snapshot	public	main	2026-03-26T01:36:44Z
BlackRoad-OS	blackroad-socket-server	public	main	2026-03-26T01:36:51Z
BlackRoad-OS	blackroad-spam-filter	public	main	2026-03-26T01:37:00Z
BlackRoad-OS	blackroad-sql-optimizer	public	main	2026-03-26T01:37:09Z
BlackRoad-OS	blackroad-ssl-manager	public	main	2026-03-26T01:37:15Z
BlackRoad-OS	blackroad-state-machine	public	main	2026-03-26T01:37:18Z
BlackRoad-OS	blackroad-sync-engine	public	main	2026-03-26T01:37:35Z
BlackRoad-OS	blackroad-task-runner	public	main	2026-03-26T01:37:49Z
BlackRoad-OS	blackroad-telemetry	public	main	2026-03-26T01:37:57Z
BlackRoad-OS	blackroad-tenant-isolation	public	main	2026-03-26T01:37:59Z
BlackRoad-OS	blackroad-text-analysis	public	main	2026-03-26T01:38:06Z
BlackRoad-OS	blackroad-throttling	public	main	2026-03-26T01:38:08Z
BlackRoad-OS	blackroad-time-series	public	main	2026-03-26T01:38:12Z
BlackRoad-OS	blackroad-token-service	public	main	2026-03-26T01:38:16Z
BlackRoad-OS	blackroad-tracing	public	main	2026-03-26T01:38:20Z
BlackRoad-OS	blackroad-transcription	public	main	2026-03-26T01:38:26Z
BlackRoad-OS	blackroad-translation	public	main	2026-03-26T01:38:29Z
BlackRoad-OS	blackroad-tunnel	public	main	2026-03-26T01:45:36Z
BlackRoad-OS	blackroad-ui-kit	public	main	2026-03-26T01:38:33Z
BlackRoad-OS	blackroad-upload-service	public	main	2026-03-26T01:38:42Z
BlackRoad-OS	blackroad-user-management	public	main	2026-03-26T01:38:46Z
BlackRoad-OS	blackroad-validation	public	main	2026-03-26T01:38:48Z
BlackRoad-OS	blackroad-virtual-network	public	main	2026-03-26T01:38:53Z
BlackRoad-OS	blackroad-visualization	public	main	2026-03-26T01:45:24Z
BlackRoad-OS	blackroad-voice-ai	public	main	2026-03-26T01:45:20Z
BlackRoad-OS	blackroad-vpn	public	main	2026-03-26T01:45:19Z
BlackRoad-OS	blackroad-vulnerability-scanner	public	main	2026-03-26T01:45:34Z
BlackRoad-OS	blackroad-wasm	public	main	2026-03-26T01:45:32Z
BlackRoad-OS	blackroad-web-scraper	public	main	2026-03-26T01:39:33Z
BlackRoad-OS	blackroad-webhook-relay	public	main	2026-03-26T01:39:41Z
BlackRoad-OS	blackroad-websocket	public	main	2026-03-26T01:45:26Z
BlackRoad-OS	blackroad-widget-factory	public	main	2026-03-26T01:39:50Z
BlackRoad-OS	blackroad-workflow-builder	public	main	2026-03-26T01:39:52Z
BlackRoad-OS	blackroad-workspace	public	main	2026-03-26T01:39:58Z
BlackRoad-OS	blackroad-xml-parser	public	main	2026-03-26T01:40:04Z
BlackRoad-OS	blackroad-yaml-config	public	main	2026-03-26T01:40:07Z
BlackRoad-OS	blackroad-zero-trust	public	main	2026-03-26T01:40:15Z
BlackRoad-OS	blackroad-zip-service	public	main	2026-03-26T01:40:18Z
BlackRoad-OS	blackroad-zone-manager	public	main	2026-03-26T01:40:20Z
BlackRoad-OS	blackroad-a-b-testing	public	main	2026-03-26T01:17:43Z
BlackRoad-OS	blackroad-internet	public	main	2026-03-26T01:25:09Z
BlackRoad-OS	simulation-hypothesis	public	main	2026-03-26T01:53:13Z
BlackRoad-OS	worlds-blackroadio	public	main	2026-03-26T01:54:55Z
BlackRoad-OS	blackroad-dashboard-api	public	main	2026-03-26T01:21:33Z
BlackRoad-OS	blackroad-os-meilisearch	public	main	2026-03-26T01:30:51Z
BlackRoad-OS	blackroad-os-uptime-kuma	public	main	2026-03-26T01:32:24Z
BlackRoad-OS	blackroad-os-openproject	public	main	2026-03-26T01:31:04Z
BlackRoad-OS	blackroad-os-plane	public	main	2026-03-26T01:31:25Z
BlackRoad-OS	blackroad-os-wiki	public	main	2026-03-26T01:32:41Z
BlackRoad-OS	blackroad-os-limesurvey	public	main	2026-03-26T01:30:33Z
BlackRoad-OS	blackroad-tax-calculator	public	main	2026-03-26T01:37:52Z
BlackRoad-OS	blackroad-payroll-system	public	main	2026-03-26T01:33:02Z
BlackRoad-OS	blackroad-websocket-manager	public	main	2026-03-26T01:39:47Z
BlackRoad-OS	blackroad-ab-testing	public	main	2026-03-26T01:17:45Z
BlackRoad-OS	blackroad-cache-manager	public	main	2026-03-26T01:20:01Z
BlackRoad-OS	blackroad-job-scheduler	public	main	2026-03-26T01:25:58Z
BlackRoad-OS	blackroad-invoice-manager	public	main	2026-03-26T01:25:18Z
BlackRoad-OS	blackroad-subscription-manager	public	main	2026-03-26T01:37:31Z
BlackRoad-OS	blackroad-cicd-pipeline	public	main	2026-03-26T01:20:36Z
BlackRoad-OS	blackroad-helm-manager	public	main	2026-03-26T01:24:39Z
BlackRoad-OS	blackroad-incident-manager	public	main	2026-03-26T01:24:57Z
BlackRoad-OS	blackroad-terraform-modules	public	main	2026-03-26T01:38:03Z
BlackRoad-OS	blackroad-graphql-engine	public	main	2026-03-26T01:24:19Z
BlackRoad-OS	blackroad-event-sourcing	public	main	2026-03-26T01:23:13Z
BlackRoad-OS	blackroad-config-manager	public	main	2026-03-26T01:21:03Z
BlackRoad-OS	blackroad-circuit-breaker	public	main	2026-03-26T01:20:37Z
BlackRoad-OS	blackroad-ai	public	main	2026-03-26T01:18:00Z
BlackRoad-OS	status-blackroadio	public	main	2026-03-26T01:53:47Z
BlackRoad-OS	blackroad-hardware	public	main	2026-03-26T01:24:30Z
BlackRoad-OS	blackroad-os-roadcoin	public	main	2026-03-26T01:31:54Z
BlackRoad-OS	simulation-theory	private	main	2026-03-26T01:53:14Z
BlackRoad-OS	blackroad-os-data-reports	public	main	2026-03-26T01:29:37Z
BlackRoad-OS	untitled-folder	public	main	2026-03-26T01:54:32Z
BlackRoad-OS	alexa-amundson-resume	public	main	2026-03-26T01:16:12Z
BlackRoad-OS	blackroad-alfred	public	main	2026-03-26T01:18:09Z
BlackRoad-OS	blackroad-api-sdks	public	main	2026-03-26T01:18:42Z
BlackRoad-OS	blackroad-desktop-app	public	main	2026-03-26T01:22:08Z
BlackRoad-OS	blackroad-github-actions	public	main	2026-03-26T01:24:04Z
BlackRoad-OS	blackroad-keycloak	public	master	2026-03-26T01:25:37Z
BlackRoad-OS	blackroad-linear	public	main	2026-03-26T01:25:58Z
BlackRoad-OS	blackroad-mobile-app	public	main	2026-03-26T01:27:03Z
BlackRoad-OS	blackroad-notion	public	main	2026-03-26T01:28:13Z
BlackRoad-OS	blackroad-postman	public	main	2026-03-26T01:33:33Z
BlackRoad-OS	blackroad-priority-stack	public	master	2026-03-26T01:33:44Z
BlackRoad-OS	blackroad-product-hunt	public	main	2026-03-26T01:33:56Z
BlackRoad-OS	blackroad-raycast	public	main	2026-03-26T01:34:51Z
BlackRoad-OS	blackroad-slack-bot	public	main	2026-03-26T01:36:36Z
BlackRoad-OS	blackroad-vscode-extension	public	main	2026-03-26T01:39:12Z
BlackRoad-OS	my-awesome-app	public	main	2026-03-26T01:46:11Z
BlackRoad-OS	new_world	public	main	2026-03-26T01:46:18Z
BlackRoad-OS	quantum-math-lab	public	main	2026-03-26T01:47:41Z
BlackRoad-OS	remember	public	main	2026-03-26T01:47:46Z
BlackRoad-OS	universal-computer	public	main	2026-03-26T01:54:31Z
BlackRoad-OS	whisper.cpp	public	master	2026-03-26T01:54:45Z
BlackRoad-OS	blackroad-progress-dashboard	public	master	2026-03-26T01:34:08Z
BlackRoad-OS	canvas-studio	public	main	2026-03-26T01:41:05Z
BlackRoad-OS	epstein-files-transparency	public	main	2026-03-26T01:43:20Z
BlackRoad-OS	roadpad	public	main	2026-03-26T01:50:40Z
BlackRoad-OS	blackroad-os-hub	public	main	2026-03-26T01:30:09Z
BlackRoad-OS	training-kit	public	main	2026-03-26T01:54:24Z
BlackRoad-OS	openrag	public	main	2026-03-26T01:46:30Z
BlackRoad-OS	embedding-atlas	public	main	2026-03-26T01:43:10Z
BlackRoad-OS	source	public	main	2026-03-26T01:53:32Z
BlackRoad-OS	RoadCode	public	main	2026-03-26T01:48:45Z
BlackRoad-OS	source-code	private	main	2026-03-26T01:53:34Z
BlackRoad-OS	blackroad-web	private	main	2026-03-26T01:45:17Z
BlackRoad-OS	blackroad-apps	private	main	2026-03-26T01:18:55Z
BlackRoad-OS	blackroad-services	private	main	2026-03-26T01:36:25Z
BlackRoad-OS	analytics-blackroad	private	main	2026-03-26T01:16:24Z
BlackRoad-OS	fleet-api	private	main	2026-03-26T01:43:43Z
BlackRoad-OS	blackroad-os-kpis	private	main	2026-03-26T01:30:30Z
BlackRoad-OS	roundtrip	private	main	2026-03-26T01:52:50Z
BlackRoad-OS	tollbooth	private	main	2026-03-26T01:54:09Z
BlackRoad-OS	api-blackroad	private	main	2026-03-26T01:16:41Z
BlackRoad-OS	app-blackroad	private	main	2026-03-26T01:16:53Z
BlackRoad-OS	backlog-blackroad	private	main	2026-03-26T01:17:21Z
BlackRoad-OS	backroad-social	private	main	2026-03-26T01:17:22Z
BlackRoad-OS	hq-blackroad	private	main	2026-03-26T01:44:44Z
BlackRoad-OS	index-blackroad	private	main	2026-03-26T01:44:55Z
BlackRoad-OS	portal-blackroad	private	main	2026-03-26T01:47:15Z
BlackRoad-OS	prism-blackroad	private	main	2026-03-26T01:47:22Z
BlackRoad-OS	stats-blackroad	private	main	2026-03-26T01:53:41Z
BlackRoad-OS	status-blackroad	private	main	2026-03-26T01:53:42Z
BlackRoad-OS	roundtrip-blackroad	private	main	2026-03-26T01:52:52Z
BlackRoad-OS	roadcode-worker	private	main	2026-03-26T01:48:48Z
BlackRoad-OS	roadway	private	main	2026-03-26T01:52:34Z
BlackRoad-OS	squad-webhook	private	main	2026-03-26T01:53:36Z
BlackRoad-OS	README	private	main	2026-03-26T01:47:45Z
BlackRoad-Labs	quantum-math-lab	public	main	2026-03-26T01:11:45Z
BlackRoad-Labs	blackroad-os-pack-research-lab	public	main	2026-03-26T01:11:09Z
BlackRoad-Labs	alexa-amundson-resume	public	main	2026-03-26T01:10:30Z
BlackRoad-Labs	.github	public	main	2026-03-26T01:44:11Z
BlackRoad-Labs	experiments	public	main	2026-03-26T01:51:24Z
BlackRoad-Labs	research	public	main	2026-03-26T01:51:22Z
BlackRoad-Labs	alexa-amundson-portfolio	public	master	2026-03-26T01:10:27Z
BlackRoad-Labs	roadcoin-io	public	master	2026-03-26T01:51:58Z
BlackRoad-Labs	roadchain-io	public	master	2026-03-26T01:51:37Z
BlackRoad-Labs	blockchain-blackroadio	public	master	2026-03-26T01:11:29Z
BlackRoad-Labs	chain-blackroadio	public	master	2026-03-26T01:11:32Z
BlackRoad-Labs	blackroad-crypto-tracker	public	main	2026-03-26T01:10:48Z
BlackRoad-Labs	blackroad-multi-chain-bridge	public	main	2026-03-26T01:11:04Z
BlackRoad-Labs	blackroad-supply-chain-manager	public	main	2026-03-26T01:11:11Z
BlackRoad-Labs	blackroad-web3-wallet-connector	public	main	2026-03-26T01:11:13Z
BlackRoad-Labs	blackroad-crypto-payment-processor	public	main	2026-03-26T01:10:47Z
BlackRoad-Labs	blackroad-crypto-exchange	public	main	2026-03-26T01:10:44Z
BlackRoad-Labs	blackroad-blockchain-explorer	public	main	2026-03-26T01:10:41Z
BlackRoad-Labs	blackroad-langchain-studio	public	master	2026-03-26T01:52:06Z
BlackRoad-Labs	roadcrypto	public	main	2026-03-26T01:52:02Z
BlackRoad-Labs	bitcoin	public	main	2026-03-26T01:10:36Z
BlackRoad-Labs	blackroad-experiment-tracker	public	main	2026-03-26T01:52:08Z
BlackRoad-Labs	blackroad-data-pipeline	public	main	2026-03-26T01:10:50Z
BlackRoad-Labs	blackroad-notebook-server	public	main	2026-03-26T01:11:05Z
BlackRoad-Labs	blackroad-ml-pipeline	public	main	2026-03-26T01:52:04Z
BlackRoad-Labs	blackroad-ab-testing-lab	public	main	2026-03-26T01:10:39Z
BlackRoad-Labs	blackroad-feature-store	public	main	2026-03-26T01:10:55Z
BlackRoad-Labs	blackroad-labs.github.io	public	main	2026-03-26T01:10:57Z
BlackRoad-Labs	source	public	main	2026-03-26T01:12:08Z
BlackRoad-Labs	operator	public	main	2026-03-26T01:51:10Z
BlackRoad-Labs	RoadCode	public	main	2026-03-26T01:51:11Z
BlackRoad-Labs	source-code	private	main	2026-03-26T01:12:12Z
BlackRoad-Labs	amundson-research	private	main	2026-03-26T01:51:15Z
BlackRoad-Labs	radius	public	main	2026-03-26T01:11:46Z
BlackRoad-Labs	roadflow	public	main	2026-03-26T01:52:00Z
BlackRoad-Labs	amundson-constant	public	main	2026-03-26T01:51:13Z
BlackRoad-Labs	simulation-theory	private	main	2026-03-26T01:51:17Z
BlackRoad-Labs	superpowers	private	main	2026-03-26T01:51:31Z
BlackRoad-Labs	information	private	main	2026-03-26T01:51:26Z
BlackRoad-Labs	hindsight	private	main	2026-03-26T01:51:33Z
BlackRoad-Labs	rowboat	private	main	2026-03-26T01:51:35Z
BlackRoad-Labs	system-prompts	private	main	2026-03-26T01:12:16Z
BlackRoad-Labs	thinking	private	main	2026-03-26T01:51:28Z
BlackRoad-Labs	the-seam	private	main	2026-03-26T01:51:29Z
BlackRoad-Labs	README	private	main	2026-03-26T01:11:49Z
BlackRoad-Labs	blackroadquantum.com	public	main	2026-03-26T01:11:18Z
BlackRoad-Labs	blackroadquantum.net	public	main	2026-03-26T01:11:22Z
BlackRoad-Labs	blackroadquantum.info	public	main	2026-03-26T01:11:20Z
BlackRoad-Labs	blackroadquantum.shop	public	main	2026-03-26T01:11:24Z
BlackRoad-Labs	blackroadquantum.store	public	main	2026-03-26T01:11:26Z
BlackRoad-Labs	blackroadqi.com	public	main	2026-03-26T01:11:16Z
BlackRoad-Labs	pillars.blackroad.io	public	main	2026-03-26T01:11:43Z
